{
  "type": "FeatureCollection",
  "features": [
    {
      "type": "Feature",
      "properties": {
        "id": "DBSCAN-001",
        "cluster_id": "DBSCAN-001",
        "name": "Longmisa",
        "block": "Umrangso",
        "district": "Dima Hasao",
        "state": "Assam",
        "households": 59,
        "priority_score": 1.0,
        "area_ha": 12.65,
        "algorithm": "dbscan",
        "status": "pending",
        "flagged_reason": null,
        "batch_id": "pmgsy-synthetic-v1",
        "ROAD_CONN": false,
        "HAB_ID": "18080001"
      },
      "geometry": {
        "type": "Polygon",
        "coordinates": [
          [
            [
              92.6169780802469,
              25.113987196636113
            ],
            [
              92.61698061120856,
              25.113946788253326
            ],
            [
              92.61697871487162,
              25.113906351061264
            ],
            [
              92.61697241005058,
              25.113866286164484
            ],
            [
              92.61696175928843,
              25.11382699097429
            ],
            [
              92.61694686823611,
              25.113788855266765
            ],
            [
              92.6169278846044,
              25.113752257316488
            ],
            [
              92.61690499669855,
              25.113717560144465
            ],
            [
              92.61687843155045,
              25.11368510791724
            ],
            [
              92.61684845266645,
              25.113655222533176
            ],
            [
              92.61681535741363,
              25.113628200429492
            ],
            [
              92.61677947407004,
              25.113604309641946
            ],
            [
              92.61674115856859,
              25.11358378714622
            ],
            [
              92.61670079096639,
              25.11356683650735
            ],
            [
              92.61665877167506,
              25.113553625860654
            ],
            [
              92.61661551748904,
              25.11354428624394
            ],
            [
              92.61657145745149,
              25.11353891029786
            ],
            [
              92.61652702859861,
              25.113537551346916
            ],
            [
              92.61648267162487,
              25.113540222870654
            ],
            [
              92.6164388265117,
              25.113546898369886
            ],
            [
              92.61639592816351,
              25.113557511629587
            ],
            [
              92.61635440209389,
              25.11357195737561
            ],
            [
              92.61631466020505,
              25.113590092318958
            ],
            [
              92.61627709670213,
              25.113611736576992
            ],
            [
              92.61475994299211,
              25.114585510612454
            ],
            [
              92.61472777798772,
              25.11460822266927
            ],
            [
              92.6146980192563,
              25.11463350813901
            ],
            [
              92.61467091428442,
              25.114661156737913
            ],
            [
              92.61362482717922,
              25.115831535048237
            ],
            [
              92.61358797721111,
              25.1158794280684
            ],
            [
              92.61144255361114,
              25.11914482156846
            ],
            [
              92.6114224736169,
              25.11917898045472
            ],
            [
              92.61140605777527,
              25.119214725005477
            ],
            [
              92.61139345529284,
              25.11925173033912
            ],
            [
              92.6113847807169,
              25.119289660114465
            ],
            [
              92.61138011289434,
              25.119328169587806
            ],
            [
              92.61137949425479,
              25.119366908746247
            ],
            [
              92.61138293042488,
              25.119405525488947
            ],
            [
              92.611390390177,
              25.11944366882738
            ],
            [
              92.61140180571292,
              25.119480992075495
            ],
            [
              92.61141707327991,
              25.11951715600073
            ],
            [
              92.61143605411364,
              25.11955183190741
            ],
            [
              92.61192032053192,
              25.12034000980207
            ],
            [
              92.6119441884398,
              25.120374643215868
            ],
            [
              92.61197175799354,
              25.120406917896908
            ],
            [
              92.61200275013131,
              25.120436507154253
            ],
            [
              92.61203685114646,
              25.120463111479147
            ],
            [
              92.61207371586293,
              25.12048646157675
            ],
            [
              92.6121129711292,
              25.120506321092083
            ],
            [
              92.61215421959545,
              25.120522489002504
            ],
            [
              92.61219704373568,
              25.1205348016526
            ],
            [
              92.61224101007407,
              25.120543134410724
            ],
            [
              92.61228567357287,
              25.12054740293064
            ],
            [
              92.61233058213729,
              25.12054756400531
            ],
            [
              92.61237528119183,
              25.120543616004223
            ],
            [
              92.61241931828174,
              25.12053559888998
            ],
            [
              92.61246224765304,
              25.120523593813665
            ],
            [
              92.61310339482668,
              25.120311616878055
            ],
            [
              92.61314647020289,
              25.120295000554
            ],
            [
              92.61318739876958,
              25.120274370966005
            ],
            [
              92.61322573094988,
              25.120249954718805
            ],
            [
              92.61379860273263,
              25.119842733766532
            ],
            [
              92.6138205081252,
              25.11982611019857
            ],
            [
              92.61527101112783,
              25.11865184564597
            ],
            [
              92.6153000969298,
              25.11862604844252
            ],
            [
              92.6153264873677,
              25.118597951501282
            ],
            [
              92.61534996404265,
              25.118567787345565
            ],
            [
              92.61537033266981,
              25.11853580560629
            ],
            [
              92.6166816845728,
              25.116242281106565
            ],
            [
              92.61669916235829,
              25.116207884956726
            ],
            [
              92.61671304475206,
              25.1161721560082
            ],
            [
              92.61672321102108,
              25.11613540499831
            ],
            [
              92.61672957275195,
              25.116097951553044
            ],
            [
              92.6169780802469,
              25.113987196636113
            ]
          ]
        ]
      }
    },
    {
      "type": "Feature",
      "properties": {
        "id": "DBSCAN-002",
        "cluster_id": "DBSCAN-002",
        "name": "Khonoma Tola",
        "block": "Haflong",
        "district": "Dima Hasao",
        "state": "Assam",
        "households": 48,
        "priority_score": 0.634,
        "area_ha": 12.31,
        "algorithm": "dbscan",
        "status": "pending",
        "flagged_reason": null,
        "batch_id": "pmgsy-synthetic-v1",
        "ROAD_CONN": false,
        "HAB_ID": "18080003"
      },
      "geometry": {
        "type": "Polygon",
        "coordinates": [
          [
            [
              92.68149952083063,
              25.21020303043598
            ],
            [
              92.68145523946328,
              25.210201183840255
            ],
            [
              92.68141097494593,
              25.210203339004515
            ],
            [
              92.68136716316381,
              25.21020947470622
            ],
            [
              92.68132423554404,
              25.21021953052531
            ],
            [
              92.68128261480737,
              25.21023340743923
            ],
            [
              92.68124271080572,
              25.210250968797933
            ],
            [
              92.6812049164862,
              25.21027204166955
            ],
            [
              92.68116960402186,
              25.21029641854321
            ],
            [
              92.68113712114675,
              25.210323859372416
            ],
            [
              92.68110778773169,
              25.210354093938825
            ],
            [
              92.6810818926345,
              25.21038682451311
            ],
            [
              92.68105969085535,
              25.210421728786702
            ],
            [
              92.6810414010257,
              25.210458463045654
            ],
            [
              92.68102720325533,
              25.21049666555524
            ],
            [
              92.68101723735842,
              25.210535960122044
            ],
            [
              92.68101160147687,
              25.21057595979841
            ],
            [
              92.68089834651231,
              25.211896775857213
            ],
            [
              92.68089719419055,
              25.211940558615368
            ],
            [
              92.68092657673103,
              25.212832129993043
            ],
            [
              92.6809303073429,
              25.212873747015255
            ],
            [
              92.68093871248973,
              25.212914796106567
            ],
            [
              92.6809517034408,
              25.212954843900523
            ],
            [
              92.68166613609421,
              25.214801822430417
            ],
            [
              92.68168152046401,
              25.214836428960197
            ],
            [
              92.6817003306443,
              25.21486960526791
            ],
            [
              92.68314597634343,
              25.2171550999459
            ],
            [
              92.68316951265913,
              25.217188436434657
            ],
            [
              92.68319650566028,
              25.21721952953923
            ],
            [
              92.6832266987753,
              25.217248083713233
            ],
            [
              92.68325980501436,
              25.217273827543156
            ],
            [
              92.68329550969709,
              25.21729651632821
            ],
            [
              92.68333347344381,
              25.217315934406383
            ],
            [
              92.68337333540133,
              25.21733189720434
            ],
            [
              92.68341471667304,
              25.21734425299192
            ],
            [
              92.68345722392048,
              25.217352884324406
            ],
            [
              92.68350045310225,
              25.217357709158865
            ],
            [
              92.68354399331452,
              25.217358681634057
            ],
            [
              92.68358743069697,
              25.217355792506318
            ],
            [
              92.68363035236673,
              25.217349069237468
            ],
            [
              92.68367235034303,
              25.21733857573376
            ],
            [
              92.6837130254253,
              25.217324411738417
            ],
            [
              92.68375199098769,
              25.21730671188353
            ],
            [
              92.68452636768095,
              25.2169109270179
            ],
            [
              92.68456234085521,
              25.216890437107097
            ],
            [
              92.68459601408911,
              25.216866934053783
            ],
            [
              92.68462708342304,
              25.216840630014854
            ],
            [
              92.68465526840278,
              25.21681176243097
            ],
            [
              92.68468031461107,
              25.216780591883186
            ],
            [
              92.68470199596412,
              25.216747399740647
            ],
            [
              92.68472011675242,
              25.216712485620782
            ],
            [
              92.6847345134072,
              25.2166761646846
            ],
            [
              92.68474505597693,
              25.216638764791824
            ],
            [
              92.68475164930018,
              25.216600623541332
            ],
            [
              92.68475423386454,
              25.216562085223753
            ],
            [
              92.68475278634365,
              25.2165234977136
            ],
            [
              92.68454087401754,
              25.214167248132554
            ],
            [
              92.68454047912252,
              25.21416311671244
            ],
            [
              92.68439879777128,
              25.2127636011089
            ],
            [
              92.68439289877419,
              25.212725348493265
            ],
            [
              92.68438303416676,
              25.212687778191263
            ],
            [
              92.68436929307678,
              25.212651229641036
            ],
            [
              92.68435179965486,
              25.212616033049134
            ],
            [
              92.68433071195247,
              25.212582506407262
            ],
            [
              92.68344244173534,
              25.211314169648126
            ],
            [
              92.68341803159008,
              25.211282710032123
            ],
            [
              92.68339045791052,
              25.211253493539402
            ],
            [
              92.68335996828046,
              25.211226782502237
            ],
            [
              92.68332683646518,
              25.211202816756487
            ],
            [
              92.68194600336363,
              25.210297702647903
            ],
            [
              92.68190627586749,
              25.210274461513816
            ],
            [
              92.68186407299639,
              25.210255166451592
            ],
            [
              92.68181986658495,
              25.2102400331825
            ],
            [
              92.68177415086693,
              25.210229230898324
            ],
            [
              92.68172743694988,
              25.210222880369848
            ],
            [
              92.68149952083063,
              25.21020303043598
            ]
          ]
        ]
      }
    },
    {
      "type": "Feature",
      "properties": {
        "id": "DBSCAN-003",
        "cluster_id": "DBSCAN-003",
        "name": "Borlangfer",
        "block": "Langting",
        "district": "Dima Hasao",
        "state": "Assam",
        "households": 34,
        "priority_score": 0.459,
        "area_ha": 10.24,
        "algorithm": "dbscan",
        "status": "pending",
        "flagged_reason": null,
        "batch_id": "pmgsy-synthetic-v1",
        "ROAD_CONN": false,
        "HAB_ID": "18080008"
      },
      "geometry": {
        "type": "Polygon",
        "coordinates": [
          [
            [
              92.62352230420989,
              25.43938839023663
            ],
            [
              92.62351857858938,
              25.439349192049928
            ],
            [
              92.62351069571778,
              25.43931050472161
            ],
            [
              92.62349872949144,
              25.43927269089863
            ],
            [
              92.62348279208292,
              25.439236105039534
            ],
            [
              92.62346303288942,
              25.439201090091892
            ],
            [
              92.62343963713224,
              25.439167974277634
            ],
            [
              92.62341282412042,
              25.439137068016368
            ],
            [
              92.62338284519498,
              25.43910866101566
            ],
            [
              92.62334998137278,
              25.43908301955544
            ],
            [
              92.6233145407124,
              25.439060383992018
            ],
            [
              92.62327685542643,
              25.439040966505065
            ],
            [
              92.62323727876742,
              25.439024949108767
            ],
            [
              92.62319618171664,
              25.439012481945724
            ],
            [
              92.62315394950669,
              25.43900368187959
            ],
            [
              92.62311097801053,
              25.438998631399652
            ],
            [
              92.62306767003075,
              25.438997377847624
            ],
            [
              92.62302443152393,
              25.4389999329739
            ],
            [
              92.62298166779546,
              25.439006272827417
            ],
            [
              92.62293977970036,
              25.439016337980135
            ],
            [
              92.62289915988602,
              25.439030034084112
            ],
            [
              92.62286018911162,
              25.43904723275587
            ],
            [
              92.62282323267912,
              25.439067772779772
            ],
            [
              92.6227886370091,
              25.43909146161921
            ],
            [
              92.62162876439395,
              25.439968762269114
            ],
            [
              92.6215978975769,
              25.43999442112643
            ],
            [
              92.6215698052122,
              25.440022585682467
            ],
            [
              92.6208432491137,
              25.440823258468825
            ],
            [
              92.62081647479879,
              25.44085597892788
            ],
            [
              92.6207934454543,
              25.440890970347795
            ],
            [
              92.62077439281224,
              25.440927880633577
            ],
            [
              92.6207595085903,
              25.440966338381646
            ],
            [
              92.62044645756765,
              25.44192670447078
            ],
            [
              92.62043629709412,
              25.441964405129156
            ],
            [
              92.62043014422154,
              25.442002813969467
            ],
            [
              92.62042805508356,
              25.44204158060525
            ],
            [
              92.62043004874238,
              25.442080351385737
            ],
            [
              92.62043610701463,
              25.442118772621967
            ],
            [
              92.62097394904706,
              25.4446582750484
            ],
            [
              92.62098004939506,
              25.444682920661403
            ],
            [
              92.62121950974165,
              25.44552681737624
            ],
            [
              92.62123275619076,
              25.445565432503226
            ],
            [
              92.62125016468092,
              25.445602660816576
            ],
            [
              92.62127156277096,
              25.44563813354032
            ],
            [
              92.62129673849908,
              25.445671499288697
            ],
            [
              92.6213254424823,
              25.4457024275469
            ],
            [
              92.62135739038679,
              25.44573061194522
            ],
            [
              92.6213922657443,
              25.445755773293914
            ],
            [
              92.62142972308715,
              25.44577766234888
            ],
            [
              92.62146939137024,
              25.445796062280653
            ],
            [
              92.62151087764668,
              25.44581079082237
            ],
            [
              92.62155377096038,
              25.445821702075317
            ],
            [
              92.62159764641683,
              25.445828687954226
            ],
            [
              92.62164206939237,
              25.445831679257942
            ],
            [
              92.62168659983946,
              25.445830646355024
            ],
            [
              92.62173079664598,
              25.445825599477192
            ],
            [
              92.6217742220048,
              25.44581658861804
            ],
            [
              92.62181644575094,
              25.44580370303774
            ],
            [
              92.62185704962272,
              25.445787070378856
            ],
            [
              92.62189563140512,
              25.445766855401892
            ],
            [
              92.62193180891417,
              25.44574325835317
            ],
            [
              92.62196522378282,
              25.445716512981146
            ],
            [
              92.62199554501092,
              25.4456868842209
            ],
            [
              92.62359583153894,
              25.44395800765942
            ],
            [
              92.623620854603,
              25.443928298132754
            ],
            [
              92.62364276328826,
              25.443896625529863
            ],
            [
              92.62366137200686,
              25.443863258152014
            ],
            [
              92.62367652312568,
              25.44382847865681
            ],
            [
              92.62368808830153,
              25.443792581663775
            ],
            [
              92.62369596956832,
              25.44375587125859
            ],
            [
              92.62370010016673,
              25.443718658417108
            ],
            [
              92.62370044510975,
              25.44368125837109
            ],
            [
              92.62352230420989,
              25.43938839023663
            ]
          ]
        ]
      }
    },
    {
      "type": "Feature",
      "properties": {
        "id": "DBSCAN-004",
        "cluster_id": "DBSCAN-004",
        "name": "Maibang Hamlet",
        "block": "Maibang",
        "district": "Dima Hasao",
        "state": "Assam",
        "households": 19,
        "priority_score": 0.21,
        "area_ha": 8.56,
        "algorithm": "dbscan",
        "status": "pending",
        "flagged_reason": null,
        "batch_id": "pmgsy-synthetic-v1",
        "ROAD_CONN": false,
        "HAB_ID": "18080006"
      },
      "geometry": {
        "type": "Polygon",
        "coordinates": [
          [
            [
              92.91386843488004,
              25.269404899520808
            ],
            [
              92.91382935479889,
              25.26939072024413
            ],
            [
              92.91378898145005,
              25.26937994562523
            ],
            [
              92.9137476726848,
              25.26937267116545
            ],
            [
              92.91370579464524,
              25.269368961342245
            ],
            [
              92.91366371851915,
              25.26936884903781
            ],
            [
              92.91362181724998,
              25.269372335247535
            ],
            [
              92.9135804622314,
              25.26937938907124
            ],
            [
              92.91354002001543,
              25.26938994798704
            ],
            [
              92.91350084906378,
              25.269403918405512
            ],
            [
              92.90944985960903,
              25.271052702269714
            ],
            [
              92.90941195709263,
              25.271070139094878
            ],
            [
              92.90937604628982,
              25.27109076903194
            ],
            [
              92.90934245158886,
              25.27111440572784
            ],
            [
              92.90931147645686,
              25.27114083566892
            ],
            [
              92.90928340069856,
              25.271169820109595
            ],
            [
              92.90925847792867,
              25.271201097228946
            ],
            [
              92.9092369332811,
              25.27123438449573
            ],
            [
              92.90921896137503,
              25.27126938122047
            ],
            [
              92.90920472455701,
              25.271305771271628
            ],
            [
              92.90916145939097,
              25.27143559279109
            ],
            [
              92.9091501366645,
              25.271477450599388
            ],
            [
              92.90914375361706,
              25.271520163451477
            ],
            [
              92.90914238206923,
              25.27156325078686
            ],
            [
              92.90917294931727,
              25.272715139372835
            ],
            [
              92.90917610948769,
              25.272754556469856
            ],
            [
              92.9091834656395,
              25.272793508045126
            ],
            [
              92.90919494820221,
              25.272831625694856
            ],
            [
              92.90921044857754,
              25.27286854890218
            ],
            [
              92.90922982016626,
              25.272903928446965
            ],
            [
              92.90925287975479,
              25.272937429708737
            ],
            [
              92.9092794092478,
              25.272968735831636
            ],
            [
              92.90930915773099,
              25.27299755072121
            ],
            [
              92.90934184384405,
              25.273023601845022
            ],
            [
              92.90937715844187,
              25.27304664281026
            ],
            [
              92.90941476751846,
              25.27306645569422
            ],
            [
              92.90945431536588,
              25.273082853105464
            ],
            [
              92.90949542793877,
              25.273095679956217
            ],
            [
              92.90953771639201,
              25.27310481492926
            ],
            [
              92.90958078075867,
              25.27311017162538
            ],
            [
              92.9096242137329,
              25.273111699380554
            ],
            [
              92.90966760452247,
              25.273109383745155
            ],
            [
              92.9097105427341,
              25.27310324662061
            ],
            [
              92.90975262225521,
              25.273093346052267
            ],
            [
              92.91459154109343,
              25.271723278395157
            ],
            [
              92.91463513105805,
              25.271708634956372
            ],
            [
              92.91467681318312,
              25.271689955132924
            ],
            [
              92.91471613684557,
              25.271667440871727
            ],
            [
              92.91475267692022,
              25.271641335573495
            ],
            [
              92.91478603837591,
              25.2716119214614
            ],
            [
              92.9148158605461,
              25.271579516529787
            ],
            [
              92.9148418210281,
              25.271544471106342
            ],
            [
              92.91486363916839,
              25.27150716406465
            ],
            [
              92.91528703372384,
              25.27068241042346
            ],
            [
              92.91530320740381,
              25.27064653074803
            ],
            [
              92.91531554658141,
              25.270609412730927
            ],
            [
              92.91532393891463,
              25.2705713943237
            ],
            [
              92.91532830799686,
              25.270532821675438
            ],
            [
              92.91532861405244,
              25.27049404598115
            ],
            [
              92.91532485429867,
              25.270455420284208
            ],
            [
              92.91531706297101,
              25.270417296261954
            ],
            [
              92.91530531101124,
              25.270380021023815
            ],
            [
              92.91528970542134,
              25.270343933950905
            ],
            [
              92.91527038828934,
              25.270309363606152
            ],
            [
              92.91524753549533,
              25.27027662474281
            ],
            [
              92.91497420633509,
              25.269923497245564
            ],
            [
              92.91494489425529,
              25.269889601975198
            ],
            [
              92.91491179752798,
              25.269858721556673
            ],
            [
              92.91487528876574,
              25.2698312036482
            ],
            [
              92.91483577899369,
              25.269807358051953
            ],
            [
              92.91479371302206,
              25.269787453226236
            ],
            [
              92.91386843488004,
              25.269404899520808
            ]
          ]
        ]
      }
    },
    {
      "type": "Feature",
      "properties": {
        "id": "DBSCAN-005",
        "cluster_id": "DBSCAN-005",
        "name": "Nambornodi",
        "block": "Langting",
        "district": "Dima Hasao",
        "state": "Assam",
        "households": 18,
        "priority_score": 0.196,
        "area_ha": 8.54,
        "algorithm": "dbscan",
        "status": "pending",
        "flagged_reason": null,
        "batch_id": "pmgsy-synthetic-v1",
        "ROAD_CONN": false,
        "HAB_ID": "18080010"
      },
      "geometry": {
        "type": "Polygon",
        "coordinates": [
          [
            [
              92.86682059429293,
              25.449648183219995
            ],
            [
              92.86678003633713,
              25.449632021982815
            ],
            [
              92.8667379176614,
              25.44961957939397
            ],
            [
              92.86669465071805,
              25.449610977298907
            ],
            [
              92.86665065920363,
              25.44960629993459
            ],
            [
              92.86660637390989,
              25.449605593104618
            ],
            [
              92.86656222850537,
              25.449608863730685
            ],
            [
              92.86651865528879,
              25.44961607978479
            ],
            [
              92.86647608095576,
              25.449627170602927
            ],
            [
              92.86643492242055,
              25.44964202757696
            ],
            [
              92.86639558273342,
              25.44966050521824
            ],
            [
              92.86635844713385,
              25.44968242258222
            ],
            [
              92.8663238792781,
              25.449707565040356
            ],
            [
              92.86629221767805,
              25.44973568638183
            ],
            [
              92.86626377238635,
              25.44976651122453
            ],
            [
              92.86623882196014,
              25.449799737711746
            ],
            [
              92.86621761073317,
              25.44983504046804
            ],
            [
              92.86620034642311,
              25.449872073785556
            ],
            [
              92.86618719809731,
              25.449910475009258
            ],
            [
              92.866178294517,
              25.449949868088368
            ],
            [
              92.86617372287635,
              25.449989867258804
            ],
            [
              92.86617352794832,
              25.45003008082084
            ],
            [
              92.86617771164616,
              25.450070114974913
            ],
            [
              92.86618623300438,
              25.450109577677964
            ],
            [
              92.8665537015808,
              25.451454855051935
            ],
            [
              92.86656529507759,
              25.45149030691124
            ],
            [
              92.86658039037948,
              25.45152465506912
            ],
            [
              92.86659886247473,
              25.451557615064747
            ],
            [
              92.86662055838576,
              25.451588913933413
            ],
            [
              92.86664529843583,
              25.451618292467156
            ],
            [
              92.8679202724727,
              25.45299740049568
            ],
            [
              92.86792752009943,
              25.453005045242165
            ],
            [
              92.86921852850884,
              25.45433307400405
            ],
            [
              92.86924888791505,
              25.454361399089205
            ],
            [
              92.8692821344568,
              25.454386912694453
            ],
            [
              92.86931795365925,
              25.45440937348851
            ],
            [
              92.86935600671231,
              25.45442856901627
            ],
            [
              92.86939593367555,
              25.45444431770846
            ],
            [
              92.86943735688286,
              25.454456470599137
            ],
            [
              92.86947988451479,
              25.454464912734775
            ],
            [
              92.86952311430494,
              25.454469564261686
            ],
            [
              92.86956663734503,
              25.454470381181288
            ],
            [
              92.86961004195284,
              25.454467355766372
            ],
            [
              92.8696529175664,
              25.45446051663417
            ],
            [
              92.86969485862768,
              25.454449928475633
            ],
            [
              92.86973546841872,
              25.454435691443557
            ],
            [
              92.8697743628144,
              25.454417940205172
            ],
            [
              92.86981117391579,
              25.454396842668334
            ],
            [
              92.87184224570885,
              25.45310321228803
            ],
            [
              92.87187658690043,
              25.453078996851364
            ],
            [
              92.87190817801918,
              25.45305187039902
            ],
            [
              92.87193672092886,
              25.45302208893426
            ],
            [
              92.87196194626101,
              25.452989933516598
            ],
            [
              92.87198361595705,
              25.452955707609238
            ],
            [
              92.8720015255148,
              25.452919734215154
            ],
            [
              92.8720155059185,
              25.452882352828727
            ],
            [
              92.87202542523362,
              25.45284391623178
            ],
            [
              92.87203118985192,
              25.452804787164204
            ],
            [
              92.87203274537477,
              25.45276533490065
            ],
            [
              92.87203007712624,
              25.452725931765514
            ],
            [
              92.87202321029159,
              25.452686949619192
            ],
            [
              92.87201220967937,
              25.452648756348733
            ],
            [
              92.87199717910963,
              25.45261171239596
            ],
            [
              92.87197826043405,
              25.45257616735591
            ],
            [
              92.87195563219709,
              25.45254245667762
            ],
            [
              92.87192950795092,
              25.452510898498453
            ],
            [
              92.87190013423998,
              25.45248179064179
            ],
            [
              92.87186778827423,
              25.452455407806394
            ],
            [
              92.87183277531297,
              25.452431998974127
            ],
            [
              92.87083975451604,
              25.45183336352383
            ],
            [
              92.87083848565857,
              25.45183260141201
            ],
            [
              92.86835889493267,
              25.450348743949274
            ],
            [
              92.86831250051196,
              25.45032446293426
            ],
            [
              92.86682059429293,
              25.449648183219995
            ]
          ]
        ]
      }
    },
    {
      "type": "Feature",
      "properties": {
        "id": "HDBSCAN-001",
        "cluster_id": "HDBSCAN-001",
        "name": "Longmisa",
        "block": "Umrangso",
        "district": "Dima Hasao",
        "state": "Assam",
        "households": 53,
        "priority_score": 1.0,
        "area_ha": 12.56,
        "algorithm": "hdbscan",
        "status": "pending",
        "flagged_reason": null,
        "batch_id": "pmgsy-synthetic-v1",
        "ROAD_CONN": false,
        "HAB_ID": "18080001"
      },
      "geometry": {
        "type": "Polygon",
        "coordinates": [
          [
            [
              92.61697818207558,
              25.11398806064365
            ],
            [
              92.61698069446771,
              25.113947667930315
            ],
            [
              92.61697878318131,
              25.113907247940535
            ],
            [
              92.6169724671636,
              25.113867201279362
            ],
            [
              92.61696180901727,
              25.11382792485137
            ],
            [
              92.61694691437974,
              25.11378980792696
            ],
            [
              92.61692793087617,
              25.113753228284263
            ],
            [
              92.6169050466561,
              25.113718548465055
            ],
            [
              92.61687848852861,
              25.113686112181593
            ],
            [
              92.61684851971438,
              25.113656240910153
            ],
            [
              92.61681543723671,
              25.113629230704934
            ],
            [
              92.61677956897779,
              25.113605349263906
            ],
            [
              92.616741270429,
              25.113584833275723
            ],
            [
              92.61670092116775,
              25.113567886073962
            ],
            [
              92.6166589210954,
              25.113554675621927
            ],
            [
              92.61661568647402,
              25.113545332848037
            ],
            [
              92.61657164580093,
              25.113539950348216
            ],
            [
              92.61652723556195,
              25.113538581468216
            ],
            [
              92.6164828959055,
              25.113541239774896
            ],
            [
              92.61643906628056,
              25.113547898921826
            ],
            [
              92.61639618108123,
              25.113558492910336
            ],
            [
              92.61635466534176,
              25.113572916743657
            ],
            [
              92.6163149305241,
              25.11359102746749
            ],
            [
              92.61627737043996,
              25.11361264558679
            ],
            [
              92.61475616571703,
              25.114587931101678
            ],
            [
              92.61472373449236,
              25.114610823907668
            ],
            [
              92.61469374958752,
              25.114636331792482
            ],
            [
              92.61466646445488,
              25.114664239147768
            ],
            [
              92.61362435393198,
              25.115834246365782
            ],
            [
              92.61358802260868,
              25.11588154297693
            ],
            [
              92.61144352632908,
              25.11914430531685
            ],
            [
              92.61142345645801,
              25.119178429985936
            ],
            [
              92.61140704377945,
              25.119214138326917
            ],
            [
              92.61139443720548,
              25.11925110636529
            ],
            [
              92.61138575111653,
              25.119288998697296
            ],
            [
              92.61138106432352,
              25.11932747153294
            ],
            [
              92.6113804193526,
              25.11936617581509
            ],
            [
              92.61138382205932,
              25.119404760386438
            ],
            [
              92.61139124157526,
              25.119442875175462
            ],
            [
              92.61140261058799,
              25.119480174372583
            ],
            [
              92.61141782595168,
              25.119516319567634
            ],
            [
              92.61143674962278,
              25.11955098282027
            ],
            [
              92.61192014086029,
              25.120339771582263
            ],
            [
              92.61194335034243,
              25.120373622917814
            ],
            [
              92.61197009463453,
              25.120405238651344
            ],
            [
              92.61200011586232,
              25.120434313934023
            ],
            [
              92.6120331245537,
              25.120460568412593
            ],
            [
              92.61206880242987,
              25.12048374893274
            ],
            [
              92.61210680547421,
              25.120503631980146
            ],
            [
              92.61214676724953,
              25.120520025835674
            ],
            [
              92.61218830243133,
              25.120532772424124
            ],
            [
              92.61223101052342,
              25.120541748838424
            ],
            [
              92.6122744797196,
              25.1205468685248
            ],
            [
              92.61231829087464,
              25.120548082117406
            ],
            [
              92.61236202154596,
              25.12054537791429
            ],
            [
              92.61240525006694,
              25.12053878199029
            ],
            [
              92.61244755961312,
              25.120528357945563
            ],
            [
              92.61248854222127,
              25.12051420629234
            ],
            [
              92.61252780272336,
              25.120496463485715
            ],
            [
              92.61373939364812,
              25.11987963297052
            ],
            [
              92.61378053892744,
              25.119855914161175
            ],
            [
              92.61381860116191,
              25.119828255668107
            ],
            [
              92.61527042829655,
              25.11864963948907
            ],
            [
              92.6152993024127,
              25.118623973558574
            ],
            [
              92.6153255125038,
              25.11859603835434
            ],
            [
              92.61534884434973,
              25.1185660621982
            ],
            [
              92.61536910725536,
              25.118534290093045
            ],
            [
              92.61668279875342,
              25.116241594051182
            ],
            [
              92.61670036427981,
              25.116207090151565
            ],
            [
              92.6167143102694,
              25.11617124237003
            ],
            [
              92.61672451459394,
              25.11613436464212
            ],
            [
              92.61673088789291,
              25.116096779922806
            ],
            [
              92.61697818207558,
              25.11398806064365
            ]
          ]
        ]
      }
    },
    {
      "type": "Feature",
      "properties": {
        "id": "HDBSCAN-002",
        "cluster_id": "HDBSCAN-002",
        "name": "Khonoma Tola",
        "block": "Haflong",
        "district": "Dima Hasao",
        "state": "Assam",
        "households": 48,
        "priority_score": 0.706,
        "area_ha": 12.31,
        "algorithm": "hdbscan",
        "status": "pending",
        "flagged_reason": null,
        "batch_id": "pmgsy-synthetic-v1",
        "ROAD_CONN": false,
        "HAB_ID": "18080003"
      },
      "geometry": {
        "type": "Polygon",
        "coordinates": [
          [
            [
              92.6814927750707,
              25.21020353341434
            ],
            [
              92.68144884531283,
              25.210202248727395
            ],
            [
              92.68140498942475,
              25.21020489775994
            ],
            [
              92.68136163198382,
              25.210211454866148
            ],
            [
              92.681319192742,
              25.210221856565333
            ],
            [
              92.68127808256222,
              25.210236002156552
            ],
            [
              92.68123869944087,
              25.210253754693433
            ],
            [
              92.68120142465476,
              25.21027494231002
            ],
            [
              92.68116661907004,
              25.21029935988451
            ],
            [
              92.68113461964855,
              25.210326771025102
            ],
            [
              92.68110573618564,
              25.210356910358485
            ],
            [
              92.68108024831108,
              25.21038948609889
            ],
            [
              92.68105840278166,
              25.210424182872938
            ],
            [
              92.68104041109243,
              25.210460664772736
            ],
            [
              92.68102644742886,
              25.21049857860787
            ],
            [
              92.68101664698064,
              25.210537557324685
            ],
            [
              92.68101110463249,
              25.21057722355976
            ],
            [
              92.68089880281927,
              25.21189764925538
            ],
            [
              92.68089767899838,
              25.211941378710012
            ],
            [
              92.68092754472772,
              25.212832820432588
            ],
            [
              92.68093128351867,
              25.212874336885605
            ],
            [
              92.68093967440775,
              25.212915287050173
            ],
            [
              92.68095262923687,
              25.21295524066485
            ],
            [
              92.6816672303332,
              25.214804068335937
            ],
            [
              92.68168260310523,
              25.214838673278933
            ],
            [
              92.68170140108927,
              25.214871849203256
            ],
            [
              92.68314194617278,
              25.21715068312388
            ],
            [
              92.68316536585738,
              25.217183888900788
            ],
            [
              92.68319221475228,
              25.21721487231666
            ],
            [
              92.68322223980658,
              25.21724334134982
            ],
            [
              92.68325515803316,
              25.217269027676707
            ],
            [
              92.6832906591759,
              25.21729168920085
            ],
            [
              92.68332840863371,
              25.217311112334794
            ],
            [
              92.68336805061448,
              25.21732711401315
            ],
            [
              92.68340921148825,
              25.21733954341809
            ],
            [
              92.68345150330894,
              25.217348283400877
            ],
            [
              92.68349452747084,
              25.217353251585997
            ],
            [
              92.68353787846559,
              25.21735440114763
            ],
            [
              92.68358114770432,
              25.217351721250957
            ],
            [
              92.68362392736871,
              25.217345237154323
            ],
            [
              92.68366581425491,
              25.217335009971137
            ],
            [
              92.68370641357379,
              25.217321136093886
            ],
            [
              92.68374534267211,
              25.21730374628558
            ],
            [
              92.68452127846004,
              25.21691351225191
            ],
            [
              92.68455759199186,
              25.216893131109515
            ],
            [
              92.68459160235076,
              25.216869691280333
            ],
            [
              92.68462299925649,
              25.21684340660941
            ],
            [
              92.68465149627222,
              25.21681451689558
            ],
            [
              92.68467683341783,
              25.216783285703702
            ],
            [
              92.68469877954166,
              25.216749997960036
            ],
            [
              92.68471713442928,
              25.21671495735285
            ],
            [
              92.68473173062998,
              25.216678483561697
            ],
            [
              92.68474243498444,
              25.216640909340992
            ],
            [
              92.68474914983935,
              25.216602577484164
            ],
            [
              92.68475181393819,
              25.21656383769633
            ],
            [
              92.68475040298006,
              25.21652504340387
            ],
            [
              92.68454019056232,
              25.214164903003933
            ],
            [
              92.68453978997208,
              25.21416067915897
            ],
            [
              92.68439937035869,
              25.21276511232542
            ],
            [
              92.6843934843738,
              25.21272680648034
            ],
            [
              92.6843836219608,
              25.21268918319403
            ],
            [
              92.68436987246348,
              25.21265258328279
            ],
            [
              92.68435236043706,
              25.212617338292215
            ],
            [
              92.68433124451985,
              25.212583767493914
            ],
            [
              92.6834425345816,
              25.211315004219347
            ],
            [
              92.683418229413,
              25.211283671664855
            ],
            [
              92.6833907859799,
              25.211254562850055
            ],
            [
              92.68336044866746,
              25.211227936988113
            ],
            [
              92.6833274876302,
              25.21120403118141
            ],
            [
              92.68194682796648,
              25.21029617759506
            ],
            [
              92.68191294081582,
              25.210275958207074
            ],
            [
              92.68187717887953,
              25.210258615953904
            ],
            [
              92.68183983649091,
              25.210244293568003
            ],
            [
              92.68180122099054,
              25.210233108927287
            ],
            [
              92.68176165019678,
              25.210225154084952
            ],
            [
              92.68172144979019,
              25.210220494511898
            ],
            [
              92.6814927750707,
              25.21020353341434
            ]
          ]
        ]
      }
    },
    {
      "type": "Feature",
      "properties": {
        "id": "HDBSCAN-003",
        "cluster_id": "HDBSCAN-003",
        "name": "Borlangfer",
        "block": "Langting",
        "district": "Dima Hasao",
        "state": "Assam",
        "households": 40,
        "priority_score": 0.601,
        "area_ha": 11.19,
        "algorithm": "hdbscan",
        "status": "pending",
        "flagged_reason": null,
        "batch_id": "pmgsy-synthetic-v1",
        "ROAD_CONN": false,
        "HAB_ID": "18080008"
      },
      "geometry": {
        "type": "Polygon",
        "coordinates": [
          [
            [
              92.62352517936276,
              25.439388297759354
            ],
            [
              92.62352147863476,
              25.439349359235006
            ],
            [
              92.6235136753741,
              25.439310923608485
            ],
            [
              92.62350184176483,
              25.43927334640949
            ],
            [
              92.62348608727147,
              25.43923697522697
            ],
            [
              92.62346655762639,
              25.439202146493887
            ],
            [
              92.62344343348154,
              25.439169182375306
            ],
            [
              92.62341692873748,
              25.439138387788393
            ],
            [
              92.62338728856463,
              25.439110047581956
            ],
            [
              92.62335478713541,
              25.439084423901694
            ],
            [
              92.62331972508818,
              25.439061753765372
            ],
            [
              92.62328242674633,
              25.439042246870525
            ],
            [
              92.62324323711829,
              25.439026083654735
            ],
            [
              92.62320251870631,
              25.439013413626704
            ],
            [
              92.6231606481534,
              25.43900435398331
            ],
            [
              92.62311801275943,
              25.438998988525597
            ],
            [
              92.62307500689884,
              25.438997366883623
            ],
            [
              92.62303202837273,
              25.43899950405741
            ],
            [
              92.62298947472932,
              25.439005380278207
            ],
            [
              92.62294773958685,
              25.439014941191346
            ],
            [
              92.62290720899266,
              25.439028098359
            ],
            [
              92.62149928159195,
              25.439555765080122
            ],
            [
              92.62145809670733,
              25.43957347936525
            ],
            [
              92.62141910931234,
              25.439594904796746
            ],
            [
              92.6213827236583,
              25.439619819219878
            ],
            [
              92.62134931702035,
              25.439647964303322
            ],
            [
              92.6213192357857,
              25.439679048217705
            ],
            [
              92.62129279186203,
              25.439712748661414
            ],
            [
              92.62127025944329,
              25.439748716202416
            ],
            [
              92.62125187216655,
              25.439786577901355
            ],
            [
              92.62076913285941,
              25.440935794081465
            ],
            [
              92.6207577995056,
              25.44096636689543
            ],
            [
              92.6204472523598,
              25.441928879694345
            ],
            [
              92.62043790711158,
              25.44196336357386
            ],
            [
              92.62043191332259,
              25.441998456601787
            ],
            [
              92.62042931677043,
              25.442033890771828
            ],
            [
              92.62043013728803,
              25.44206939547215
            ],
            [
              92.62052891451613,
              25.443453885316764
            ],
            [
              92.62053531757633,
              25.44350090612614
            ],
            [
              92.62054770472028,
              25.44354693066066
            ],
            [
              92.6212230445018,
              25.445543270473898
            ],
            [
              92.62123784745692,
              25.445580471649574
            ],
            [
              92.62125656371471,
              25.44561618988646
            ],
            [
              92.62127901594991,
              25.445650086769334
            ],
            [
              92.6213049914399,
              25.445681841139223
            ],
            [
              92.62133424408016,
              25.445711152136372
            ],
            [
              92.62136649671586,
              25.445737742050742
            ],
            [
              92.62140144376778,
              25.445761358953312
            ],
            [
              92.62143875412757,
              25.445781779083024
            ],
            [
              92.62147807429488,
              25.445798808966906
            ],
            [
              92.6215190317267,
              25.44581228725319
            ],
            [
              92.62156123836708,
              25.44582208624011
            ],
            [
              92.62160429432394,
              25.44582811308585
            ],
            [
              92.62164779165802,
              25.44583031068821
            ],
            [
              92.621691318248,
              25.44582865822569
            ],
            [
              92.62173446169537,
              25.4458231713547
            ],
            [
              92.62177681323188,
              25.445813902061282
            ],
            [
              92.6218179715925,
              25.445800938168524
            ],
            [
              92.62185754681748,
              25.445784402504437
            ],
            [
              92.62189516394704,
              25.445764451738192
            ],
            [
              92.62193046657417,
              25.44574127489569
            ],
            [
              92.62196312022137,
              25.445715091568573
            ],
            [
              92.62199281550983,
              25.44568614983363
            ],
            [
              92.62359951730856,
              25.44395875456892
            ],
            [
              92.62362470535636,
              25.443928986613912
            ],
            [
              92.62364676056586,
              25.4438972352723
            ],
            [
              92.62366549473178,
              25.44386377149366
            ],
            [
              92.62368074798927,
              25.443828880840414
            ],
            [
              92.62369239017816,
              25.443792861050937
            ],
            [
              92.62370032195349,
              25.443756019498803
            ],
            [
              92.62370447563318,
              25.44371867056978
            ],
            [
              92.62370481577554,
              25.443681132979034
            ],
            [
              92.62352517936276,
              25.439388297759354
            ]
          ]
        ]
      }
    },
    {
      "type": "Feature",
      "properties": {
        "id": "HDBSCAN-004",
        "cluster_id": "HDBSCAN-004",
        "name": "Maibang Hamlet",
        "block": "Maibang",
        "district": "Dima Hasao",
        "state": "Assam",
        "households": 22,
        "priority_score": 0.271,
        "area_ha": 8.94,
        "algorithm": "hdbscan",
        "status": "pending",
        "flagged_reason": null,
        "batch_id": "pmgsy-synthetic-v1",
        "ROAD_CONN": false,
        "HAB_ID": "18080006"
      },
      "geometry": {
        "type": "Polygon",
        "coordinates": [
          [
            [
              92.9138695473177,
              25.269404885825097
            ],
            [
              92.91382848302453,
              25.269390106678387
            ],
            [
              92.91378601506915,
              25.269379084985875
            ],
            [
              92.91374255814623,
              25.269371928373015
            ],
            [
              92.91369853660724,
              25.269368706723252
            ],
            [
              92.91365438031698,
              25.269369451495557
            ],
            [
              92.91361052045596,
              25.269374155417324
            ],
            [
              92.91356738531022,
              25.269382772555332
            ],
            [
              92.91352539608923,
              25.269395218764288
            ],
            [
              92.91072352042183,
              25.270367412971712
            ],
            [
              92.91068841431274,
              25.270381185325228
            ],
            [
              92.91065473122927,
              25.270397635636165
            ],
            [
              92.90940209750876,
              25.271073705668954
            ],
            [
              92.90936575946358,
              25.271095563328547
            ],
            [
              92.9093319347058,
              25.271120534388583
            ],
            [
              92.9093009446917,
              25.27114838153579
            ],
            [
              92.90927308393806,
              25.271178840123742
            ],
            [
              92.90924861722316,
              25.27121162068786
            ],
            [
              92.90922777707053,
              25.27124641169636
            ],
            [
              92.90921076153896,
              25.271282882510803
            ],
            [
              92.90919773234017,
              25.271320686528327
            ],
            [
              92.90915989218716,
              25.271452718536125
            ],
            [
              92.90915140034119,
              25.27148909542221
            ],
            [
              92.90914660110556,
              25.271526025837918
            ],
            [
              92.90914553467096,
              25.271563200539322
            ],
            [
              92.90917041934358,
              25.272712133483463
            ],
            [
              92.90917339768126,
              25.272751643109977
            ],
            [
              92.9091805912786,
              25.27279070153869
            ],
            [
              92.90919193182465,
              25.27282893784626
            ],
            [
              92.9092073116262,
              25.27286598891637
            ],
            [
              92.90922658463036,
              25.272901502888125
            ],
            [
              92.90924956781136,
              25.272935142497648
            ],
            [
              92.90927604290866,
              25.272966588280955
            ],
            [
              92.9093057584996,
              25.27299554160784
            ],
            [
              92.90933843238705,
              25.27302172751794
            ],
            [
              92.9093737542792,
              25.273044897331975
            ],
            [
              92.90941138873647,
              25.273064831013446
            ],
            [
              92.90945097835694,
              25.273081339258297
            ],
            [
              92.90949214717068,
              25.273094265292716
            ],
            [
              92.90953450421017,
              25.273103486362004
            ],
            [
              92.90957764722333,
              25.27310891489642
            ],
            [
              92.90962116649371,
              25.27311049934273
            ],
            [
              92.90966464873158,
              25.27310822465394
            ],
            [
              92.90970768099884,
              25.27310211243206
            ],
            [
              92.9097498546308,
              25.273092220723054
            ],
            [
              92.91458947107644,
              25.27172513381683
            ],
            [
              92.91463302322124,
              25.27171053536577
            ],
            [
              92.91467467528331,
              25.271691908321912
            ],
            [
              92.91471397798367,
              25.271669453605842
            ],
            [
              92.9147505073853,
              25.27164341342519
            ],
            [
              92.91478386946615,
              25.271614068662043
            ],
            [
              92.91481370436911,
              25.27158173584308
            ],
            [
              92.91483969028374,
              25.271546763725357
            ],
            [
              92.9148615469173,
              25.27150952953434
            ],
            [
              92.91528766909133,
              25.270682919242677
            ],
            [
              92.91530394470826,
              25.270646964388373
            ],
            [
              92.91531636691944,
              25.270609759784058
            ],
            [
              92.91532482201495,
              25.270571646002374
            ],
            [
              92.91532923260024,
              25.270532971938287
            ],
            [
              92.91532955830458,
              25.270494091615312
            ],
            [
              92.91532579615034,
              25.2704553609447
            ],
            [
              92.91531798058017,
              25.270417134467458
            ],
            [
              92.9153061831416,
              25.270379762108888
            ],
            [
              92.91529051183191,
              25.27034358597536
            ],
            [
              92.91527111010946,
              25.270308937222726
            ],
            [
              92.91524815558024,
              25.270276133024932
            ],
            [
              92.91497325440602,
              25.269921906572296
            ],
            [
              92.91494394334309,
              25.26988809309463
            ],
            [
              92.91491086257008,
              25.269857289104074
            ],
            [
              92.91487438340073,
              25.26982984035625
            ],
            [
              92.91483491529283,
              25.269806054945988
            ],
            [
              92.91479290125224,
              25.26978619984937
            ],
            [
              92.9138695473177,
              25.269404885825097
            ]
          ]
        ]
      }
    },
    {
      "type": "Feature",
      "properties": {
        "id": "HDBSCAN-005",
        "cluster_id": "HDBSCAN-005",
        "name": "Nambornodi",
        "block": "Langting",
        "district": "Dima Hasao",
        "state": "Assam",
        "households": 20,
        "priority_score": 0.243,
        "area_ha": 8.57,
        "algorithm": "hdbscan",
        "status": "pending",
        "flagged_reason": null,
        "batch_id": "pmgsy-synthetic-v1",
        "ROAD_CONN": false,
        "HAB_ID": "18080010"
      },
      "geometry": {
        "type": "Polygon",
        "coordinates": [
          [
            [
              92.86681804964914,
              25.449648277999614
            ],
            [
              92.86677753860556,
              25.449632291149516
            ],
            [
              92.86673548922224,
              25.449620007646807
            ],
            [
              92.86669231104715,
              25.44961154712889
            ],
            [
              92.86664842462204,
              25.449606991998476
            ],
            [
              92.86660425738657,
              25.449606386621067
            ],
            [
              92.86656023951534,
              25.44960973689282
            ],
            [
              92.86651679972817,
              25.44961701018316
            ],
            [
              92.86647436111478,
              25.44962813565254
            ],
            [
              92.866433337014,
              25.44964300494242
            ],
            [
              92.86639412698813,
              25.449661473230595
            ],
            [
              92.86635711293148,
              25.449683360641668
            ],
            [
              92.86632265535083,
              25.449708453998955
            ],
            [
              92.8662910898543,
              25.449736508900724
            ],
            [
              92.86626272388254,
              25.44976725210048
            ],
            [
              92.86623783371445,
              25.449800384168306
            ],
            [
              92.86621666177622,
              25.449835582407157
            ],
            [
              92.86619941428005,
              25.44987250399576
            ],
            [
              92.86618625921561,
              25.44991078932759
            ],
            [
              92.86617732471383,
              25.449950065513285
            ],
            [
              92.86617269779866,
              25.449989950012448
            ],
            [
              92.86617242353944,
              25.45003005435948
            ],
            [
              92.86617650461173,
              25.45006998794716
            ],
            [
              92.866184901271,
              25.450109361831032
            ],
            [
              92.86654799255572,
              25.451452856803108
            ],
            [
              92.86655957852226,
              25.451488569776437
            ],
            [
              92.86657471579795,
              25.451523170183698
            ],
            [
              92.86659327733345,
              25.451556367611794
            ],
            [
              92.86661510733803,
              25.45158788342306
            ],
            [
              92.8666400225871,
              25.45161745309403
            ],
            [
              92.86792053088668,
              25.45300091172918
            ],
            [
              92.86792760445923,
              25.453008368661465
            ],
            [
              92.8692144833585,
              25.4543322084326
            ],
            [
              92.86924480084552,
              25.45436049922302
            ],
            [
              92.86927799846151,
              25.454385986188875
            ],
            [
              92.86931376300616,
              25.454408428874075
            ],
            [
              92.86935175706101,
              25.454427615543615
            ],
            [
              92.86939162217271,
              25.45444336518118
            ],
            [
              92.86943298223504,
              25.454455529197016
            ],
            [
              92.86947544703723,
              25.454463992829826
            ],
            [
              92.8695186159456,
              25.454468676229514
            ],
            [
              92.86956208168333,
              25.45446953521057
            ],
            [
              92.86960543417314,
              25.454466561668923
            ],
            [
              92.86964826440612,
              25.45445978365841
            ],
            [
              92.86969016830083,
              25.45444926512612
            ],
            [
              92.86973075051559,
              25.45443510530903
            ],
            [
              92.8697696281784,
              25.454417437797744
            ],
            [
              92.86980643449934,
              25.454396429276127
            ],
            [
              92.87184261377415,
              25.453104810875544
            ],
            [
              92.87187701229911,
              25.45308065009255
            ],
            [
              92.87190866575915,
              25.45305357244311
            ],
            [
              92.87193727531383,
              25.453023833569087
            ],
            [
              92.87196257086093,
              25.452991714236905
            ],
            [
              92.87198431358662,
              25.45295751768683
            ],
            [
              92.87200229821993,
              25.45292156676995
            ],
            [
              92.87201635497068,
              25.45288420090018
            ],
            [
              92.8720263511324,
              25.452845772849702
            ],
            [
              92.87203219233504,
              25.45280664541844
            ],
            [
              92.87203382343577,
              25.452767188008867
            ],
            [
              92.87203122903948,
              25.4527277731384
            ],
            [
              92.87202443364396,
              25.452688772922503
            ],
            [
              92.87201350140843,
              25.452650555561526
            ],
            [
              92.8719985355477,
              25.452613481864578
            ],
            [
              92.87197967735756,
              25.452577901843128
            ],
            [
              92.8719571048807,
              25.452544151406624
            ],
            [
              92.87193103122571,
              25.452512549191198
            ],
            [
              92.87190170255509,
              25.452483393551493
            ],
            [
              92.87186939576108,
              25.452456959743994
            ],
            [
              92.87183441585164,
              25.452433497328354
            ],
            [
              92.87083805972956,
              25.451830849758437
            ],
            [
              92.87083671954171,
              25.451830042287916
            ],
            [
              92.86836494197384,
              25.45034654475614
            ],
            [
              92.86831656860383,
              25.4503212967293
            ],
            [
              92.86681804964914,
              25.449648277999614
            ]
          ]
        ]
      }
    },
    {
      "type": "Feature",
      "properties": {
        "id": "EXISTING-001",
        "cluster_id": "EXISTING-001",
        "name": "Longmisa",
        "block": "Umrangso",
        "district": "Dima Hasao",
        "state": "Assam",
        "households": 53,
        "priority_score": 1.0,
        "area_ha": 12.31,
        "algorithm": "existing",
        "status": "pending",
        "flagged_reason": null,
        "batch_id": "pmgsy-synthetic-v1",
        "ROAD_CONN": false,
        "HAB_ID": "18080001"
      },
      "geometry": {
        "type": "Polygon",
        "coordinates": [
          [
            [
              92.61698077020141,
              25.113985911991065
            ],
            [
              92.61698330544976,
              25.113945515125476
            ],
            [
              92.61698141587016,
              25.11390508895745
            ],
            [
              92.61697512019958,
              25.113865034258797
            ],
            [
              92.61696448085549,
              25.11382574811831
            ],
            [
              92.61694960331674,
              25.113787620005194
            ],
            [
              92.61693063507788,
              25.113751027908
            ],
            [
              92.61690776418665,
              25.113716334587476
            ],
            [
              92.61688121737978,
              25.113683883980237
            ],
            [
              92.61685125783498,
              25.113653997789232
            ],
            [
              92.61681818256193,
              25.113626972294544
            ],
            [
              92.61678231945777,
              25.113603075416215
            ],
            [
              92.61674402405637,
              25.11358254405829
            ],
            [
              92.61670367600392,
              25.113565581760252
            ],
            [
              92.61666167529513,
              25.113552356679318
            ],
            [
              92.61661843830802,
              25.113542999923403
            ],
            [
              92.61657439367625,
              25.11353760425145
            ],
            [
              92.61652997803975,
              25.113536223153808
            ],
            [
              92.61648563171649,
              25.113538870322063
            ],
            [
              92.61644179433718,
              25.11354551951325
            ],
            [
              92.61639890048727,
              25.113556104810023
            ],
            [
              92.61635737539866,
              25.113570521274116
            ],
            [
              92.61631763073439,
              25.113588625986644
            ],
            [
              92.61628006050749,
              25.113610239464883
            ],
            [
              92.61475936708129,
              25.114584757472688
            ],
            [
              92.61472705128354,
              25.114607550435014
            ],
            [
              92.61469716133713,
              25.114632939579696
            ],
            [
              92.61466994794506,
              25.114660711955683
            ],
            [
              92.61362204449786,
              25.11583415400117
            ],
            [
              92.61358524431851,
              25.115882020119344
            ],
            [
              92.61144418570069,
              25.11914307933407
            ],
            [
              92.61142420628921,
              25.119177073661472
            ],
            [
              92.61140785523851,
              25.119212638779345
            ],
            [
              92.61139527972517,
              25.119249454571346
            ],
            [
              92.61138659294302,
              25.11928718966372
            ],
            [
              92.61138187308421,
              25.119325504407932
            ],
            [
              92.61138116263533,
              25.119364053937765
            ],
            [
              92.61138446799478,
              25.11940249127339
            ],
            [
              92.61139175941516,
              25.119440470444527
            ],
            [
              92.61140297127076,
              25.11947764960444
            ],
            [
              92.61141800264825,
              25.119513694106963
            ],
            [
              92.61143671825472,
              25.119548279518526
            ],
            [
              92.61191861107736,
              25.120341489152107
            ],
            [
              92.6119423867981,
              25.120376344917524
            ],
            [
              92.61196990185303,
              25.12040884036153
            ],
            [
              92.61200087576422,
              25.120438644234703
            ],
            [
              92.6120349927945,
              25.120465452724467
            ],
            [
              92.61207190516585,
              25.120488992552175
            ],
            [
              92.6121112366046,
              25.120509023758913
            ],
            [
              92.61215258617719,
              25.12052534215162
            ],
            [
              92.61219553237702,
              25.12053778138462
            ],
            [
              92.6122396374215,
              25.120546214655388
            ],
            [
              92.61228445171467,
              25.120550555997177
            ],
            [
              92.61232951843047,
              25.120550761155332
            ],
            [
              92.61237437816958,
              25.12054682803848
            ],
            [
              92.61241857364263,
              25.1205387967398
            ],
            [
              92.61246165433178,
              25.120526749128345
            ],
            [
              92.61310778509718,
              25.120313002820893
            ],
            [
              92.61315180577098,
              25.120295957261213
            ],
            [
              92.61319357003872,
              25.120274720720328
            ],
            [
              92.61323259823206,
              25.120249537103355
            ],
            [
              92.61379630642486,
              25.119842782491975
            ],
            [
              92.61382080633713,
              25.119823754489204
            ],
            [
              92.61482910948102,
              25.1189815719114
            ],
            [
              92.61485852445153,
              25.118954589764908
            ],
            [
              92.6148850413193,
              25.118925223202485
            ],
            [
              92.61490842803533,
              25.11889372921308
            ],
            [
              92.61666924453128,
              25.11626533234175
            ],
            [
              92.61669249354361,
              25.116225893318965
            ],
            [
              92.61671083759998,
              25.116184365659887
            ],
            [
              92.61672405416618,
              25.11614125315346
            ],
            [
              92.61673198291226,
              25.116097078814537
            ],
            [
              92.61698077020141,
              25.113985911991065
            ]
          ]
        ]
      }
    },
    {
      "type": "Feature",
      "properties": {
        "id": "EXISTING-002",
        "cluster_id": "EXISTING-002",
        "name": "Borlangfer",
        "block": "Langting",
        "district": "Dima Hasao",
        "state": "Assam",
        "households": 38,
        "priority_score": 0.571,
        "area_ha": 10.57,
        "algorithm": "existing",
        "status": "pending",
        "flagged_reason": null,
        "batch_id": "pmgsy-synthetic-v1",
        "ROAD_CONN": false,
        "HAB_ID": "18080008"
      },
      "geometry": {
        "type": "Polygon",
        "coordinates": [
          [
            [
              92.6235247424836,
              25.439389031495995
            ],
            [
              92.62352105173139,
              25.43935010811646
            ],
            [
              92.62351326165673,
              25.439311686418
            ],
            [
              92.62350144426321,
              25.43927412151299
            ],
            [
              92.62348570877664,
              25.43923776059457
            ],
            [
              92.62346620063536,
              25.439202939727732
            ],
            [
              92.62344310014598,
              25.439169980743312
            ],
            [
              92.62341662081674,
              25.439139188263496
            ],
            [
              92.62338700738415,
              25.439110846886372
            ],
            [
              92.62335453355095,
              25.439085218555668
            ],
            [
              92.62331949945637,
              25.43906254013974
            ],
            [
              92.62328222890218,
              25.439043021242384
            ],
            [
              92.6232430663599,
              25.43902684226567
            ],
            [
              92.62320237378721,
              25.43901415274258
            ],
            [
              92.6231605272825,
              25.439005069955048
            ],
            [
              92.62311791360901,
              25.438999677849992
            ],
            [
              92.62307492662029,
              25.438998026263455
            ],
            [
              92.62303196362005,
              25.439000130460062
            ],
            [
              92.62298942169033,
              25.439005970991907
            ],
            [
              92.62294769402156,
              25.439015493878276
            ],
            [
              92.62290716627862,
              25.439028611104604
            ],
            [
              92.62150118024061,
              25.43955411654878
            ],
            [
              92.6214598551405,
              25.43957185413379
            ],
            [
              92.62142073815107,
              25.439593326636803
            ],
            [
              92.62138423732249,
              25.43961831006733
            ],
            [
              92.62135073341504,
              25.439646543810497
            ],
            [
              92.62132057592736,
              25.43967773334558
            ],
            [
              92.62129407945054,
              25.43971155331827
            ],
            [
              92.6212715203865,
              25.439747650934482
            ],
            [
              92.62125313406453,
              25.439785649640548
            ],
            [
              92.62077039935338,
              25.440940069928935
            ],
            [
              92.62075682765922,
              25.440978052187358
            ],
            [
              92.62074742700433,
              25.44101706051246
            ],
            [
              92.62074228816346,
              25.441056718248312
            ],
            [
              92.62061796566677,
              25.442714993631544
            ],
            [
              92.62061754015728,
              25.442763764713412
            ],
            [
              92.62062355289765,
              25.44281223080741
            ],
            [
              92.6209756362933,
              25.444650087586908
            ],
            [
              92.62098265425577,
              25.444680003298192
            ],
            [
              92.62121719768157,
              25.445522761924646
            ],
            [
              92.62123026419259,
              25.44556147728053
            ],
            [
              92.62124750942613,
              25.445598819732943
            ],
            [
              92.62126876215649,
              25.44563441850522
            ],
            [
              92.6212938113666,
              25.44566792013355
            ],
            [
              92.62132240834315,
              25.445698991976585
            ],
            [
              92.62135426914602,
              25.445727325518337
            ],
            [
              92.62138907742752,
              25.445752639431515
            ],
            [
              92.62142648757336,
              25.445774682370935
            ],
            [
              92.62146612813439,
              25.4457932354692
            ],
            [
              92.62150760551475,
              25.44580811450992
            ],
            [
              92.62155050788003,
              25.445819171756906
            ],
            [
              92.62159440924653,
              25.445826297421025
            ],
            [
              92.62163887371098,
              25.445829420750453
            ],
            [
              92.62168345977892,
              25.445828510733104
            ],
            [
              92.62172772474837,
              25.445823576404653
            ],
            [
              92.62177122910565,
              25.445814666758736
            ],
            [
              92.62181354088955,
              25.445801870260528
            ],
            [
              92.6218542399805,
              25.44578531396831
            ],
            [
              92.62189292227191,
              25.445765162271883
            ],
            [
              92.62192920368292,
              25.445741615260225
            ],
            [
              92.62196272397189,
              25.445714906734793
            ],
            [
              92.62199315031339,
              25.44568530188796
            ],
            [
              92.62359829147992,
              25.44395845089527
            ],
            [
              92.62362345286463,
              25.44392869645238
            ],
            [
              92.62364548509048,
              25.443896962053955
            ],
            [
              92.62366420040321,
              25.44386351813772
            ],
            [
              92.62367943931551,
              25.443828649709605
            ],
            [
              92.62369107196592,
              25.443792653914787
            ],
            [
              92.6236989992255,
              25.443755837505535
            ],
            [
              92.62370315354244,
              25.443718514226987
            ],
            [
              92.62370349951766,
              25.443681002143524
            ],
            [
              92.6235247424836,
              25.439389031495995
            ]
          ]
        ]
      }
    },
    {
      "type": "Feature",
      "properties": {
        "id": "EXISTING-003",
        "cluster_id": "EXISTING-003",
        "name": "Khonoma Tola",
        "block": "Haflong",
        "district": "Dima Hasao",
        "state": "Assam",
        "households": 38,
        "priority_score": 0.559,
        "area_ha": 11.91,
        "algorithm": "existing",
        "status": "pending",
        "flagged_reason": null,
        "batch_id": "pmgsy-synthetic-v1",
        "ROAD_CONN": false,
        "HAB_ID": "18080003"
      },
      "geometry": {
        "type": "Polygon",
        "coordinates": [
          [
            [
              92.6819484556458,
              25.210296806497333
            ],
            [
              92.68191175850201,
              25.210275076888564
            ],
            [
              92.68187289921411,
              25.210256720130527
            ],
            [
              92.68183225113971,
              25.21024191259338
            ],
            [
              92.68179020482245,
              25.210230796546583
            ],
            [
              92.68174716423978,
              25.21022347879208
            ],
            [
              92.68170354292171,
              25.21022002963813
            ],
            [
              92.68165975997766,
              25.21022048222383
            ],
            [
              92.68161623606994,
              25.21022483220074
            ],
            [
              92.6815733893721,
              25.210233037774653
            ],
            [
              92.68153163155131,
              25.210245020107156
            ],
            [
              92.6814913638132,
              25.21026066407304
            ],
            [
              92.68145297304721,
              25.210279819366427
            ],
            [
              92.6814168281095,
              25.21030230194484
            ],
            [
              92.68138327627904,
              25.210327895797423
            ],
            [
              92.68135263992095,
              25.210356355020316
            ],
            [
              92.68132521338937,
              25.210387406179212
            ],
            [
              92.68130126019923,
              25.210420750936454
            ],
            [
              92.68128101049439,
              25.210456068917395
            ],
            [
              92.68126465883633,
              25.21049302078847
            ],
            [
              92.68125236233473,
              25.210531251517494
            ],
            [
              92.68090830085723,
              25.211834932120308
            ],
            [
              92.68090076100387,
              25.211870365886536
            ],
            [
              92.68089670667014,
              25.21190626848975
            ],
            [
              92.68089616983777,
              25.211942356746963
            ],
            [
              92.68092643977872,
              25.21283357569594
            ],
            [
              92.68093018870603,
              25.212875029533183
            ],
            [
              92.68093857580476,
              25.21291591762648
            ],
            [
              92.68095151321734,
              25.21295581163727
            ],
            [
              92.68166578028958,
              25.214803987090665
            ],
            [
              92.68168124177913,
              25.214838771126377
            ],
            [
              92.68170016389094,
              25.214872109664114
            ],
            [
              92.68314405698796,
              25.21715132615123
            ],
            [
              92.68316751354702,
              25.21718451576383
            ],
            [
              92.68319439779918,
              25.2172154795661
            ],
            [
              92.68322445630216,
              25.217243925654262
            ],
            [
              92.68325740568855,
              25.21726958585948
            ],
            [
              92.68329293533726,
              25.217292218275993
            ],
            [
              92.68333071030173,
              25.21731160954173
            ],
            [
              92.6833703744677,
              25.217327576849723
            ],
            [
              92.68341155391032,
              25.21733996967156
            ],
            [
              92.68345386041943,
              25.217348671176488
            ],
            [
              92.68349689515938,
              25.21735359933284
            ],
            [
              92.68354025242904,
              25.2173547076814
            ],
            [
              92.68358352348659,
              25.21735198577341
            ],
            [
              92.68362630040302,
              25.21734545926905
            ],
            [
              92.68366817990783,
              25.217335189695554
            ],
            [
              92.68370876719088,
              25.217321273867146
            ],
            [
              92.68374767962463,
              25.21730384297233
            ],
            [
              92.68452472323891,
              25.2169120270796
            ],
            [
              92.68456103640683,
              25.21689159397844
            ],
            [
              92.6845950392348,
              25.216868100399505
            ],
            [
              92.68462642107907,
              25.21684176097679
            ],
            [
              92.6846548952415,
              25.216812816343392
            ],
            [
              92.68468020158853,
              25.216781530933044
            ],
            [
              92.68470210892791,
              25.216748190564267
            ],
            [
              92.68472041712062,
              25.21671309982912
            ],
            [
              92.68473495890933,
              25.21667657931047
            ],
            [
              92.68474560144628,
              25.216638962653143
            ],
            [
              92.6847522475069,
              25.216600593515786
            ],
            [
              92.68475483637789,
              25.216561822431245
            ],
            [
              92.68475334441167,
              25.216523003604145
            ],
            [
              92.68453853931754,
              25.214167164552528
            ],
            [
              92.68453557151672,
              25.214143241829326
            ],
            [
              92.68448452360245,
              25.21381842209394
            ],
            [
              92.6844747450862,
              25.21377402462614
            ],
            [
              92.68405523051665,
              25.21230082744504
            ],
            [
              92.6840432096581,
              25.212265368965802
            ],
            [
              92.68402768366019,
              25.212231055790824
            ],
            [
              92.68400878197171,
              25.212198174001596
            ],
            [
              92.68345212631039,
              25.211328908123306
            ],
            [
              92.68342661290428,
              25.211293455318046
            ],
            [
              92.6833971801616,
              25.211260612178464
            ],
            [
              92.68336414810287,
              25.21123073580277
            ],
            [
              92.68332787588263,
              25.21120415103179
            ],
            [
              92.6819484556458,
              25.210296806497333
            ]
          ]
        ]
      }
    },
    {
      "type": "Feature",
      "properties": {
        "id": "EXISTING-004",
        "cluster_id": "EXISTING-004",
        "name": "Maibang Hamlet",
        "block": "Maibang",
        "district": "Dima Hasao",
        "state": "Assam",
        "households": 18,
        "priority_score": 0.222,
        "area_ha": 7.52,
        "algorithm": "existing",
        "status": "pending",
        "flagged_reason": null,
        "batch_id": "pmgsy-synthetic-v1",
        "ROAD_CONN": false,
        "HAB_ID": "18080006"
      },
      "geometry": {
        "type": "Polygon",
        "coordinates": [
          [
            [
              92.91497261342917,
              25.26992248120768
            ],
            [
              92.91494487644734,
              25.26989045631059
            ],
            [
              92.91491375063202,
              25.2698611192226
            ],
            [
              92.91487954916632,
              25.269834765126742
            ],
            [
              92.91484261617917,
              25.26981165919174
            ],
            [
              92.91480332328277,
              25.269792033903897
            ],
            [
              92.91476206583351,
              25.269776086728026
            ],
            [
              92.91471925895414,
              25.269763978120597
            ],
            [
              92.91467533335691,
              25.269755829915308
            ],
            [
              92.91463073100999,
              25.269751724097304
            ],
            [
              92.91458590069064,
              25.269751701978258
            ],
            [
              92.91454129346984,
              25.269755763780708
            ],
            [
              92.91246179072495,
              25.27004149363683
            ],
            [
              92.91241672085515,
              25.27004986303154
            ],
            [
              92.9123728358147,
              25.27006240055945
            ],
            [
              92.90947528412917,
              25.271041793590026
            ],
            [
              92.90943619874186,
              25.271056964248412
            ],
            [
              92.90939887471356,
              25.271075441877834
            ],
            [
              92.9093636495144,
              25.271097059410756
            ],
            [
              92.90933084163822,
              25.27112162138979
            ],
            [
              92.90930074772287,
              25.27114890573483
            ],
            [
              92.9092736398681,
              25.27117866575105
            ],
            [
              92.90924976317538,
              25.27121063235937
            ],
            [
              92.90922933353174,
              25.271244516529244
            ],
            [
              92.9092125356577,
              25.27128001189205
            ],
            [
              92.90919952143697,
              25.27131679751102
            ],
            [
              92.90916053044049,
              25.271448127436116
            ],
            [
              92.90915147954856,
              25.271485540104628
            ],
            [
              92.90914634306303,
              25.271523561461624
            ],
            [
              92.90914516662826,
              25.27156185366506
            ],
            [
              92.90916947145419,
              25.272711473471155
            ],
            [
              92.9091724312824,
              25.27275099927411
            ],
            [
              92.90917960977701,
              25.27279007519957
            ],
            [
              92.90919093871892,
              25.272828329877008
            ],
            [
              92.90920631044365,
              25.27286539974054
            ],
            [
              92.90922557886444,
              25.27290093248424
            ],
            [
              92.90924856086052,
              25.272934590410433
            ],
            [
              92.90927503801733,
              25.27296605363911
            ],
            [
              92.90930475870225,
              25.272995023148155
            ],
            [
              92.909337440456,
              25.27302122361518
            ],
            [
              92.9093727726771,
              25.273044406034245
            ],
            [
              92.90941041957376,
              25.273064350082443
            ],
            [
              92.90945002335522,
              25.273080866213824
            ],
            [
              92.90949120763223,
              25.273093797460923
            ],
            [
              92.90953358099424,
              25.27310302092655
            ],
            [
              92.90957674072945,
              25.273108448951838
            ],
            [
              92.90962027665225,
              25.273110029949393
            ],
            [
              92.90966377500162,
              25.27310774889358
            ],
            [
              92.9097068223737,
              25.27310162746328
            ],
            [
              92.90974900965078,
              25.273091723835943
            ],
            [
              92.91458883896951,
              25.27172345939577
            ],
            [
              92.91463235901773,
              25.271708862847436
            ],
            [
              92.91467398078835,
              25.271690243337776
            ],
            [
              92.9147132559254,
              25.271667801439314
            ],
            [
              92.91474976135194,
              25.271641778899898
            ],
            [
              92.91478310382749,
              25.271612456038493
            ],
            [
              92.91481292418419,
              25.271580148725413
            ],
            [
              92.9148389011957,
              25.271545204979702
            ],
            [
              92.9148607550375,
              25.27150800122014
            ],
            [
              92.91528699733679,
              25.270681848481747
            ],
            [
              92.91530332292184,
              25.270645803432974
            ],
            [
              92.91531577521627,
              25.27060850189477
            ],
            [
              92.9153242396436,
              25.270570287098145
            ],
            [
              92.91532863832201,
              25.27053151067712
            ],
            [
              92.91532893078094,
              25.27049252943319
            ],
            [
              92.91532511433326,
              25.270453702052194
            ],
            [
              92.91531722409982,
              25.270415385803876
            ],
            [
              92.9153053326863,
              25.270377933254444
            ],
            [
              92.91528954951482,
              25.270341689022512
            ],
            [
              92.91527001981703,
              25.270306986608073
            ],
            [
              92.91524692329772,
              25.270274145323892
            ],
            [
              92.91497261342917,
              25.26992248120768
            ]
          ]
        ]
      }
    },
    {
      "type": "Feature",
      "properties": {
        "id": "EXISTING-005",
        "cluster_id": "EXISTING-005",
        "name": "Nambornodi",
        "block": "Langting",
        "district": "Dima Hasao",
        "state": "Assam",
        "households": 17,
        "priority_score": 0.206,
        "area_ha": 10.59,
        "algorithm": "existing",
        "status": "pending",
        "flagged_reason": null,
        "batch_id": "pmgsy-synthetic-v1",
        "ROAD_CONN": false,
        "HAB_ID": "18080010"
      },
      "geometry": {
        "type": "Polygon",
        "coordinates": [
          [
            [
              92.86682180325971,
              25.44964751554088
            ],
            [
              92.86678208850606,
              25.449631661443636
            ],
            [
              92.86674086974617,
              25.44961937278438
            ],
            [
              92.86669853423908,
              25.449610765017535
            ],
            [
              92.86665547973553,
              25.449605919014832
            ],
            [
              92.86661211074126,
              25.4496048803054
            ],
            [
              92.86509588212553,
              25.449635314863144
            ],
            [
              92.86505244646216,
              25.449638110119917
            ],
            [
              92.86500951552216,
              25.449644724275863
            ],
            [
              92.86496749564114,
              25.449655094728868
            ],
            [
              92.8649267845319,
              25.449669123323943
            ],
            [
              92.86488776752027,
              25.44968667728225
            ],
            [
              92.86485081389807,
              25.449707590457795
            ],
            [
              92.86481627342793,
              25.449731664909898
            ],
            [
              92.86478447303284,
              25.44975867277667
            ],
            [
              92.8647557137019,
              25.449788358431647
            ],
            [
              92.86473026764145,
              25.449820440903203
            ],
            [
              92.86470837569865,
              25.44985461653387
            ],
            [
              92.86469024508186,
              25.44989056185437
            ],
            [
              92.86467604739926,
              25.449927936645174
            ],
            [
              92.86466591703457,
              25.449966387156646
            ],
            [
              92.86465994987492,
              25.450005549457174
            ],
            [
              92.8646582024032,
              25.45004505287777
            ],
            [
              92.8646606911633,
              25.450084523520403
            ],
            [
              92.86466739260327,
              25.450123587796934
            ],
            [
              92.86467824329823,
              25.450161875965104
            ],
            [
              92.86469314055046,
              25.45019902562816
            ],
            [
              92.86471194336126,
              25.450234685164936
            ],
            [
              92.86473447376544,
              25.45026851705803
            ],
            [
              92.86476051851564,
              25.45030020108838
            ],
            [
              92.86478983110055,
              25.45032943736621
            ],
            [
              92.86923603396592,
              25.45435203904213
            ],
            [
              92.86926915219175,
              25.45437915318131
            ],
            [
              92.86930507786087,
              25.45440314077295
            ],
            [
              92.8693434543587,
              25.45442376370424
            ],
            [
              92.86938390074187,
              25.45444081726155
            ],
            [
              92.86942601551976,
              25.45445413216258
            ],
            [
              92.86946938063991,
              25.454463576236797
            ],
            [
              92.869513565638,
              25.454469055737423
            ],
            [
              92.86955813191089,
              25.454470516272092
            ],
            [
              92.86960263707061,
              25.454467943342763
            ],
            [
              92.86964663933584,
              25.454461362489646
            ],
            [
              92.86968970191742,
              25.454450839037676
            ],
            [
              92.8697313973542,
              25.45443647744803
            ],
            [
              92.86977131175645,
              25.45441842028119
            ],
            [
              92.86980904891435,
              25.45439684678174
            ],
            [
              92.87184155855884,
              25.4531021778842
            ],
            [
              92.87187593432635,
              25.453077933201936
            ],
            [
              92.87190755358283,
              25.45305077157362
            ],
            [
              92.87193611728014,
              25.45302094988972
            ],
            [
              92.87196135526976,
              25.452988750198898
            ],
            [
              92.87198302885774,
              25.452954477040425
            ],
            [
              92.87200093306217,
              25.452918454563783
            ],
            [
              92.87201489855181,
              25.45288102346293
            ],
            [
              92.87202479324742,
              25.452842537754
            ],
            [
              92.87203052357087,
              25.452803361427108
            ],
            [
              92.87203203533004,
              25.452763865003707
            ],
            [
              92.87202931423114,
              25.452724422032315
            ],
            [
              92.87202238601382,
              25.452685405555556
            ],
            [
              92.87201131620756,
              25.45264718458202
            ],
            [
              92.8719962095117,
              25.452610120596262
            ],
            [
              92.87197720880518,
              25.45257456414001
            ],
            [
              92.87195449379497,
              25.452540851496877
            ],
            [
              92.87192827931652,
              25.45250930151189
            ],
            [
              92.87189881330166,
              25.45248021257602
            ],
            [
              92.87186637443375,
              25.452453859804102
            ],
            [
              92.87183126951194,
              25.45243049243294
            ],
            [
              92.86835970424225,
              25.450347380112273
            ],
            [
              92.86831270518131,
              25.450322756947834
            ],
            [
              92.86682180325971,
              25.44964751554088
            ]
          ]
        ]
      }
    }
  ]
}