{
  "type": "FeatureCollection",
  "features": [
    {
      "type": "Feature",
      "properties": {
        "id": "DBSCAN-001",
        "cluster_id": "DBSCAN-001",
        "name": "Longmisa",
        "block": "Dima Hasao",
        "district": "Dima Hasao",
        "state": "Assam",
        "households": 7,
        "priority_score": 1.0,
        "area_ha": 5.38,
        "algorithm": "dbscan",
        "status": "pending",
        "flagged_reason": null,
        "batch_id": "synthetic-v1"
      },
      "geometry": {
        "type": "Polygon",
        "coordinates": [
          [
            [
              92.61038715844862,
              25.11809317704816
            ],
            [
              92.61034606901218,
              25.11807458548076
            ],
            [
              92.61030332644127,
              25.11806019587347
            ],
            [
              92.61025935920057,
              25.11805015247214
            ],
            [
              92.6102146080312,
              25.118044555954913
            ],
            [
              92.61016952153263,
              25.118043462422992
            ],
            [
              92.61012455166578,
              25.118046882838282
            ],
            [
              92.61008014922241,
              25.118054782913486
            ],
            [
              92.61003675930625,
              25.118067083455824
            ],
            [
              92.60999481687118,
              25.11808366116088
            ],
            [
              92.60995474236103,
              25.118104349848643
            ],
            [
              92.609916937495,
              25.11812894212935
            ],
            [
              92.60988178124072,
              25.118157191482425
            ],
            [
              92.60984962601523,
              25.11818881472767
            ],
            [
              92.60982079415244,
              25.118223494863958
            ],
            [
              92.60979557467178,
              25.11826088424695
            ],
            [
              92.60977422038107,
              25.118300608073977
            ],
            [
              92.60975694534228,
              25.118342268141195
            ],
            [
              92.60974392272573,
              25.118385446835283
            ],
            [
              92.60924968825123,
              25.1203805026187
            ],
            [
              92.60924089880348,
              25.120425818670505
            ],
            [
              92.60923679323635,
              25.120471796309218
            ],
            [
              92.60923741466415,
              25.120517952703903
            ],
            [
              92.60924275656103,
              25.12056380314644
            ],
            [
              92.60925276282941,
              25.120608866141634
            ],
            [
              92.60926732838918,
              25.12065266846362
            ],
            [
              92.60928630028114,
              25.120694750125402
            ],
            [
              92.60961111227347,
              25.121326642579234
            ],
            [
              92.60964205039147,
              25.1213780815324
            ],
            [
              92.6098634854455,
              25.12169614762992
            ],
            [
              92.6098909606668,
              25.121731691701683
            ],
            [
              92.60992183977824,
              25.12176432219815
            ],
            [
              92.60995581563036,
              25.12179371454912
            ],
            [
              92.60999255027093,
              25.121819576393694
            ],
            [
              92.61003167830651,
              25.12184165048835
            ],
            [
              92.61007281053693,
              25.12185971726568
            ],
            [
              92.61011553782666,
              25.121873597018414
            ],
            [
              92.61015943517432,
              25.12188315168693
            ],
            [
              92.61020406594022,
              25.1218882862325
            ],
            [
              92.61024898618945,
              25.121888949582647
            ],
            [
              92.61029374910761,
              25.121885135139134
            ],
            [
              92.61033790944535,
              25.121876880843605
            ],
            [
              92.61038102794699,
              25.121864268800184
            ],
            [
              92.61042267571987,
              25.1218474244588
            ],
            [
              92.61046243850043,
              25.121826515367356
            ],
            [
              92.6104999207748,
              25.121801749505156
            ],
            [
              92.61053474971295,
              25.121773373214168
            ],
            [
              92.61056657887715,
              25.121741668748715
            ],
            [
              92.6105950916679,
              25.12170695146791
            ],
            [
              92.61062000447316,
              25.121669566698856
            ],
            [
              92.61064106948933,
              25.121629886301726
            ],
            [
              92.61065807718616,
              25.121588304970917
            ],
            [
              92.61067085839086,
              25.121545236309117
            ],
            [
              92.61067928597089,
              25.121501108713243
            ],
            [
              92.61105969528674,
              25.11877846831875
            ],
            [
              92.61106359575905,
              25.118735882532874
            ],
            [
              92.61106344028043,
              25.118693118778722
            ],
            [
              92.61105923025221,
              25.118650562480653
            ],
            [
              92.61105100361884,
              25.11860859719326
            ],
            [
              92.61103883452594,
              25.118567601144413
            ],
            [
              92.61102283265203,
              25.118527943826376
            ],
            [
              92.61100314221997,
              25.118489982665587
            ],
            [
              92.61097994069718,
              25.11845405980124
            ],
            [
              92.61095343719606,
              25.11842049900161
            ],
            [
              92.61092387058937,
              25.11838960274598
            ],
            [
              92.61089150735724,
              25.11836164949844
            ],
            [
              92.6108566391854,
              25.118336891198105
            ],
            [
              92.61081958033633,
              25.118315550988438
            ],
            [
              92.61038715844862,
              25.11809317704816
            ]
          ]
        ]
      }
    },
    {
      "type": "Feature",
      "properties": {
        "id": "DBSCAN-002",
        "cluster_id": "DBSCAN-002",
        "name": "Umrangso Basti",
        "block": "Dima Hasao",
        "district": "Dima Hasao",
        "state": "Assam",
        "households": 5,
        "priority_score": 0.491,
        "area_ha": 4.33,
        "algorithm": "dbscan",
        "status": "pending",
        "flagged_reason": null,
        "batch_id": "synthetic-v1"
      },
      "geometry": {
        "type": "Polygon",
        "coordinates": [
          [
            [
              92.73065874792348,
              25.078056898747402
            ],
            [
              92.73065674823698,
              25.078013464111837
            ],
            [
              92.73065057013613,
              25.077970424625512
            ],
            [
              92.73064027118522,
              25.077928181307428
            ],
            [
              92.73062594734435,
              25.077887127758306
            ],
            [
              92.73060773207544,
              25.077847646493233
            ],
            [
              92.73058579509868,
              25.077810105377594
            ],
            [
              92.73056034081111,
              25.0777748541995
            ],
            [
              92.73053160638221,
              25.077742221410638
            ],
            [
              92.73049985954408,
              25.07771251106594
            ],
            [
              92.73046539609685,
              25.077685999990564
            ],
            [
              92.73042853715253,
              25.077662935200582
            ],
            [
              92.73038962614314,
              25.077643531601414
            ],
            [
              92.73034902562071,
              25.077627969985453
            ],
            [
              92.73030711387928,
              25.077616395347544
            ],
            [
              92.73026428143011,
              25.07760891553399
            ],
            [
              92.73022092736312,
              25.077605600237714
            ],
            [
              92.73017745562844,
              25.077606480348873
            ],
            [
              92.73013427127248,
              25.07761154766707
            ],
            [
              92.73009177666407,
              25.07762075497772
            ],
            [
              92.73005036774533,
              25.077634016492024
            ],
            [
              92.73001043034249,
              25.077651208646248
            ],
            [
              92.72997233657097,
              25.077672171253074
            ],
            [
              92.72993644136825,
              25.077696708994093
            ],
            [
              92.72990307918668,
              25.077724593239722
            ],
            [
              92.72987256087731,
              25.077755564179416
            ],
            [
              92.72984517079345,
              25.077789333242468
            ],
            [
              92.72893044194619,
              25.079035536584676
            ],
            [
              92.72890542728962,
              25.07907349217817
            ],
            [
              92.72888436541776,
              25.079113775644696
            ],
            [
              92.72886747082156,
              25.0791559767435
            ],
            [
              92.72885491555301,
              25.079199665704962
            ],
            [
              92.72884682747312,
              25.079244397607276
            ],
            [
              92.72884328894963,
              25.079289716907503
            ],
            [
              92.72884433601835,
              25.079335162080717
            ],
            [
              92.7288499580161,
              25.079380270320126
            ],
            [
              92.72886009768929,
              25.079424582250223
            ],
            [
              92.72887465177702,
              25.079467646604993
            ],
            [
              92.72889347206265,
              25.079509024823544
            ],
            [
              92.72891636688323,
              25.07954829551633
            ],
            [
              92.72894310308136,
              25.079585058756535
            ],
            [
              92.72976903736436,
              25.080607960168898
            ],
            [
              92.72979879240268,
              25.080641284610355
            ],
            [
              92.72983170212085,
              25.08067149770606
            ],
            [
              92.72986744280252,
              25.08069830226495
            ],
            [
              92.7299056628845,
              25.080721434624017
            ],
            [
              92.72994598641503,
              25.080740667241855
            ],
            [
              92.72998801675175,
              25.080755810936846
            ],
            [
              92.73003134046333,
              25.080766716748055
            ],
            [
              92.73007553139614,
              25.080773277400485
            ],
            [
              92.73012015486614,
              25.080775428360297
            ],
            [
              92.73016477193464,
              25.080773148469568
            ],
            [
              92.7302089437259,
              25.080766460154447
            ],
            [
              92.73025223574419,
              25.080755429204533
            ],
            [
              92.7302942221476,
              25.080740164125746
            ],
            [
              92.73033448993698,
              25.08072081507301
            ],
            [
              92.73037264301827,
              25.080697572373257
            ],
            [
              92.73040830609872,
              25.080670664653262
            ],
            [
              92.73044112837852,
              25.080640356590774
            ],
            [
              92.73047078700135,
              25.080606946311
            ],
            [
              92.73049699023024,
              25.080570762454112
            ],
            [
              92.73051948031713,
              25.080532160942557
            ],
            [
              92.73053803603834,
              25.08049152148004
            ],
            [
              92.73055247487054,
              25.08044924381658
            ],
            [
              92.73056265478618,
              25.080405743816346
            ],
            [
              92.73056847565053,
              25.080361449367018
            ],
            [
              92.73065451673749,
              25.079302251207906
            ],
            [
              92.73065599444618,
              25.07926680534286
            ],
            [
              92.73065874792348,
              25.078056898747402
            ]
          ]
        ]
      }
    },
    {
      "type": "Feature",
      "properties": {
        "id": "DBSCAN-003",
        "cluster_id": "DBSCAN-003",
        "name": "Khonoma Tola",
        "block": "Dima Hasao",
        "district": "Dima Hasao",
        "state": "Assam",
        "households": 6,
        "priority_score": 0.773,
        "area_ha": 12.18,
        "algorithm": "dbscan",
        "status": "pending",
        "flagged_reason": null,
        "batch_id": "synthetic-v1"
      },
      "geometry": {
        "type": "Polygon",
        "coordinates": [
          [
            [
              92.68196597591893,
              25.206648382317734
            ],
            [
              92.68194800065977,
              25.206607697992713
            ],
            [
              92.68192610067908,
              25.206568984750934
            ],
            [
              92.68190048950105,
              25.20653262004546
            ],
            [
              92.68187141683399,
              25.206498958431204
            ],
            [
              92.68183916613563,
              25.206468328107995
            ],
            [
              92.68180405184943,
              25.20644102772067
            ],
            [
              92.68176641633872,
              25.206417323447265
            ],
            [
              92.68172662654872,
              25.20639744640382
            ],
            [
              92.68168507042883,
              25.20638159039097
            ],
            [
              92.6816421531501,
              25.20636991000442
            ],
            [
              92.68159829315483,
              25.20636251912762
            ],
            [
              92.68155391807683,
              25.206359489821423
            ],
            [
              92.6815094605719,
              25.206360851621486
            ],
            [
              92.68146535409953,
              25.206366591250294
            ],
            [
              92.68142202869663,
              25.20637665274662
            ],
            [
              92.68137990678474,
              25.206390938011143
            ],
            [
              92.68133939905135,
              25.206409307762915
            ],
            [
              92.6813009004458,
              25.206431582897352
            ],
            [
              92.68126478632844,
              25.20645754623249
            ],
            [
              92.68123140881096,
              25.2064869446265
            ],
            [
              92.68120109332325,
              25.206519491445842
            ],
            [
              92.6791956943165,
              25.208897842707465
            ],
            [
              92.6791709742388,
              25.208929992101524
            ],
            [
              92.67914924585243,
              25.208964234516827
            ],
            [
              92.67913068527837,
              25.209000292399054
            ],
            [
              92.67911544296066,
              25.209037873478483
            ],
            [
              92.67841478395049,
              25.21101683984257
            ],
            [
              92.67840201192506,
              25.211059512232556
            ],
            [
              92.678393516839,
              25.211103237408516
            ],
            [
              92.67838938175917,
              25.211147587815674
            ],
            [
              92.67838964711937,
              25.211192129785594
            ],
            [
              92.67839431032482,
              25.21123642777669
            ],
            [
              92.67840332577762,
              25.211280048633064
            ],
            [
              92.67841660532264,
              25.211322565819998
            ],
            [
              92.67843401910942,
              25.211363563594695
            ],
            [
              92.67845539686198,
              25.211402641071526
            ],
            [
              92.67848052954376,
              25.21143941614198
            ],
            [
              92.67850917140163,
              25.211473529211
            ],
            [
              92.67854104236896,
              25.211504646713177
            ],
            [
              92.67857583080414,
              25.211532464374454
            ],
            [
              92.67861319653785,
              25.211556710187367
            ],
            [
              92.67865277419942,
              25.211577147070805
            ],
            [
              92.6786941767894,
              25.211593575188246
            ],
            [
              92.67873699946381,
              25.211605833901793
            ],
            [
              92.67878082349269,
              25.21161380334294
            ],
            [
              92.67882522035468,
              25.21161740558466
            ],
            [
              92.6788697559271,
              25.21161660540342
            ],
            [
              92.6789139947309,
              25.21161141062357
            ],
            [
              92.67895750418896,
              25.21160187204085
            ],
            [
              92.67899985885582,
              25.211588082925715
            ],
            [
              92.67904064457782,
              25.211570178111288
            ],
            [
              92.67907946254289,
              25.21154833267494
            ],
            [
              92.68148427526816,
              25.210033745742123
            ],
            [
              92.68151836150012,
              25.210010014824203
            ],
            [
              92.68155011707258,
              25.209983245227775
            ],
            [
              92.6815792720115,
              25.20995366453795
            ],
            [
              92.68160557845252,
              25.2099215242387
            ],
            [
              92.68252436863,
              25.208686963025386
            ],
            [
              92.68254956072306,
              25.20864929496382
            ],
            [
              92.68257084068368,
              25.208609286368603
            ],
            [
              92.6825879931461,
              25.208567342150307
            ],
            [
              92.68260084451728,
              25.20852388680916
            ],
            [
              92.68260926473377,
              25.208479360138842
            ],
            [
              92.682613168578,
              25.208434212775515
            ],
            [
              92.68261251654079,
              25.208388901637118
            ],
            [
              92.6826073152211,
              25.208343885299097
            ],
            [
              92.6825976172594,
              25.208299619353337
            ],
            [
              92.68258352080476,
              25.208256551797316
            ],
            [
              92.68196597591893,
              25.206648382317734
            ]
          ]
        ]
      }
    },
    {
      "type": "Feature",
      "properties": {
        "id": "DBSCAN-004",
        "cluster_id": "DBSCAN-004",
        "name": "Rengpang",
        "block": "Dima Hasao",
        "district": "Dima Hasao",
        "state": "Assam",
        "households": 3,
        "priority_score": 0.357,
        "area_ha": 4.01,
        "algorithm": "dbscan",
        "status": "pending",
        "flagged_reason": null,
        "batch_id": "synthetic-v1"
      },
      "geometry": {
        "type": "Polygon",
        "coordinates": [
          [
            [
              92.8317609123487,
              25.180478099847722
            ],
            [
              92.83179031300274,
              25.18044487016925
            ],
            [
              92.83181630190707,
              25.18040890926213
            ],
            [
              92.83183862691482,
              25.180370566022585
            ],
            [
              92.83185707142657,
              25.180330212460465
            ],
            [
              92.83187145649187,
              25.18028824008996
            ],
            [
              92.83188164254543,
              25.180245056131106
            ],
            [
              92.83188753076115,
              25.180201079558877
            ],
            [
              92.831889064011,
              25.180156737038264
            ],
            [
              92.83188622741923,
              25.180112458784723
            ],
            [
              92.83187904850674,
              25.18006867439019
            ],
            [
              92.83186759692403,
              25.18002580865512
            ],
            [
              92.83185198377546,
              25.179984277467064
            ],
            [
              92.83183236054136,
              25.179944483765645
            ],
            [
              92.83180891760823,
              25.17990681363324
            ],
            [
              92.83178188242168,
              25.179871632549148
            ],
            [
              92.83175151727976,
              25.17983928184367
            ],
            [
              92.831718116788,
              25.179810075386502
            ],
            [
              92.83168200500126,
              25.17978429654155
            ],
            [
              92.83164353227959,
              25.179762195417666
            ],
            [
              92.83160307188909,
              25.179743986442116
            ],
            [
              92.83156101638042,
              25.179729846280154
            ],
            [
              92.83151777378022,
              25.179719912121012
            ],
            [
              92.83147376363243,
              25.179714280346868
            ],
            [
              92.83142941292776,
              25.179713005597744
            ],
            [
              92.8313851519611,
              25.17971610024138
            ],
            [
              92.83134141015664,
              25.17972353425324
            ],
            [
              92.83129861190164,
              25.17973523550782
            ],
            [
              92.82894310641704,
              25.180505779078924
            ],
            [
              92.82890170712048,
              25.180521616365507
            ],
            [
              92.82886206478882,
              25.18054144581189
            ],
            [
              92.82882456327614,
              25.18056507541088
            ],
            [
              92.82878956570704,
              25.18059227635865
            ],
            [
              92.82875741096065,
              25.18062278527025
            ],
            [
              92.82872841038922,
              25.180656306729926
            ],
            [
              92.82870284480333,
              25.18069251615164
            ],
            [
              92.82868096175285,
              25.18073106292199
            ],
            [
              92.82866297312988,
              25.180771573795173
            ],
            [
              92.82864905311706,
              25.18081365650713
            ],
            [
              92.82863933650094,
              25.180856903573776
            ],
            [
              92.82863391736684,
              25.180900896236665
            ],
            [
              92.82863284818791,
              25.180945208517794
            ],
            [
              92.82863613931691,
              25.180989411344314
            ],
            [
              92.82864375888606,
              25.18103307670322
            ],
            [
              92.8286556331156,
              25.18107578178577
            ],
            [
              92.82867164702814,
              25.181117113081505
            ],
            [
              92.82869164556206,
              25.18115667038227
            ],
            [
              92.82871543507288,
              25.181194070657366
            ],
            [
              92.82874278520838,
              25.181228951762442
            ],
            [
              92.828773431139,
              25.181260975946092
            ],
            [
              92.82880707612227,
              25.181289833120296
            ],
            [
              92.82884339437608,
              25.181315243862965
            ],
            [
              92.82888203423319,
              25.181336962123588
            ],
            [
              92.82892262154647,
              25.1813547776057
            ],
            [
              92.82896476331169,
              25.181368517803183
            ],
            [
              92.82900805147295,
              25.181378049670624
            ],
            [
              92.8290520668739,
              25.181383280911593
            ],
            [
              92.83055353237737,
              25.181487159175564
            ],
            [
              92.83059686269179,
              25.181488067023626
            ],
            [
              92.83064007969419,
              25.18148480649598
            ],
            [
              92.83068278331558,
              25.181477407776022
            ],
            [
              92.83072457823947,
              25.181465939355274
            ],
            [
              92.83076507756135,
              25.181450507399344
            ],
            [
              92.8308039063704,
              25.181431254765126
            ],
            [
              92.8308407052201,
              25.181408359678354
            ],
            [
              92.83087513345565,
              25.1813820340837
            ],
            [
              92.83090687236756,
              25.181352521682797
            ],
            [
              92.8317609123487,
              25.180478099847722
            ]
          ]
        ]
      }
    },
    {
      "type": "Feature",
      "properties": {
        "id": "DBSCAN-005",
        "cluster_id": "DBSCAN-005",
        "name": "Haflong Fringe",
        "block": "Dima Hasao",
        "district": "Dima Hasao",
        "state": "Assam",
        "households": 7,
        "priority_score": 0.969,
        "area_ha": 13.77,
        "algorithm": "dbscan",
        "status": "pending",
        "flagged_reason": null,
        "batch_id": "synthetic-v1"
      },
      "geometry": {
        "type": "Polygon",
        "coordinates": [
          [
            [
              92.7925570748448,
              25.328727410432467
            ],
            [
              92.79257990805924,
              25.328689707817183
            ],
            [
              92.79259894708255,
              25.328649954094438
            ],
            [
              92.79261400961404,
              25.32860852991037
            ],
            [
              92.79262495142838,
              25.328565831905966
            ],
            [
              92.79263166775651,
              25.328522268919183
            ],
            [
              92.79263409428887,
              25.328478258070277
            ],
            [
              92.79263220779116,
              25.328434220767825
            ],
            [
              92.7926260263268,
              25.328390578673705
            ],
            [
              92.79261560908397,
              25.32834774966563
            ],
            [
              92.79260105580887,
              25.32830614383593
            ],
            [
              92.79258250585069,
              25.328266159564873
            ],
            [
              92.79256013682723,
              25.328228179706123
            ],
            [
              92.79253416292431,
              25.328192567920887
            ],
            [
              92.79250483284481,
              25.328159665195813
            ],
            [
              92.79247242742737,
              25.328129786578007
            ],
            [
              92.79243725695734,
              25.328103218158436
            ],
            [
              92.79239965819572,
              25.328080214332548
            ],
            [
              92.79235999115467,
              25.328060995364435
            ],
            [
              92.79231863565035,
              25.328045745277773
            ],
            [
              92.79227598766613,
              25.328034610093773
            ],
            [
              92.79223245556102,
              25.328027696433008
            ],
            [
              92.79218845615956,
              25.328025070494515
            ],
            [
              92.79214441076076,
              25.328026757421945
            ],
            [
              92.79210074110398,
              25.32803274106278
            ],
            [
              92.79205786533086,
              25.328042964123025
            ],
            [
              92.78904386364353,
              25.328919483932108
            ],
            [
              92.78900281667488,
              25.32893359902695
            ],
            [
              92.78896331885068,
              25.32895159934421
            ],
            [
              92.78575099177485,
              25.330606891545308
            ],
            [
              92.7857129064347,
              25.33062893466134
            ],
            [
              92.785677153644,
              25.330654588706956
            ],
            [
              92.7856440746029,
              25.330683608857523
            ],
            [
              92.7856139849951,
              25.330715718164605
            ],
            [
              92.78558717197518,
              25.330750610198976
            ],
            [
              92.78556389142827,
              25.33078795197497
            ],
            [
              92.78554436552793,
              25.330827387128256
            ],
            [
              92.78552878061596,
              25.33086853931676
            ],
            [
              92.78551728542413,
              25.330911015812184
            ],
            [
              92.78550998965463,
              25.330954411247966
            ],
            [
              92.78550696293331,
              25.330998311487797
            ],
            [
              92.78550823414511,
              25.331042297577866
            ],
            [
              92.78551379115846,
              25.33108594974507
            ],
            [
              92.78552358094105,
              25.331128851403037
            ],
            [
              92.78553751006588,
              25.331170593127734
            ],
            [
              92.78555544560292,
              25.331210776564742
            ],
            [
              92.78557721638771,
              25.331249018230874
            ],
            [
              92.7856026146548,
              25.33128495317387
            ],
            [
              92.78563139802053,
              25.331318238455253
            ],
            [
              92.78566329179615,
              25.33134855642311
            ],
            [
              92.78569799160937,
              25.331375617743518
            ],
            [
              92.78573516630891,
              25.331399164161787
            ],
            [
              92.78577446112492,
              25.331418970967032
            ],
            [
              92.7858155010546,
              25.331434849136674
            ],
            [
              92.78585789444097,
              25.33144664714034
            ],
            [
              92.78590123671061,
              25.33145425238597
            ],
            [
              92.78594511423461,
              25.331457592294306
            ],
            [
              92.78598910827591,
              25.331456634991557
            ],
            [
              92.78988264918534,
              25.331181212059196
            ],
            [
              92.78992584734533,
              25.331176050113076
            ],
            [
              92.78996834605636,
              25.331166744938464
            ],
            [
              92.7900097488856,
              25.331153383335092
            ],
            [
              92.79004966962272,
              25.331136089941523
            ],
            [
              92.79008773588252,
              25.33111502607251
            ],
            [
              92.7914782963058,
              25.330255333538606
            ],
            [
              92.79151746769922,
              25.33022814969393
            ],
            [
              92.79155354630205,
              25.330196977688985
            ],
            [
              92.79158612788872,
              25.33016216677569
            ],
            [
              92.79161484741434,
              25.33012410697638
            ],
            [
              92.7925570748448,
              25.328727410432467
            ]
          ]
        ]
      }
    },
    {
      "type": "Feature",
      "properties": {
        "id": "DBSCAN-006",
        "cluster_id": "DBSCAN-006",
        "name": "Maibang Hamlet",
        "block": "Dima Hasao",
        "district": "Dima Hasao",
        "state": "Assam",
        "households": 4,
        "priority_score": 0.496,
        "area_ha": 5.25,
        "algorithm": "dbscan",
        "status": "pending",
        "flagged_reason": null,
        "batch_id": "synthetic-v1"
      },
      "geometry": {
        "type": "Polygon",
        "coordinates": [
          [
            [
              92.9122058472778,
              25.26887245035912
            ],
            [
              92.91217910365172,
              25.26883610314859
            ],
            [
              92.91214885755434,
              25.268802614122894
            ],
            [
              92.91211541253259,
              25.268772319374676
            ],
            [
              92.9120791042375,
              25.268745522939135
            ],
            [
              92.91204029705568,
              25.26872249374273
            ],
            [
              92.91199938045224,
              25.268703462904263
            ],
            [
              92.91195676506233,
              25.268688621415414
            ],
            [
              92.9119128785699,
              25.26867811822394
            ],
            [
              92.91186816141558,
              25.268672058738865
            ],
            [
              92.91182306237647,
              25.2686705037726
            ],
            [
              92.91177803406218,
              25.26867346893064
            ],
            [
              92.91173352837258,
              25.26868092445494
            ],
            [
              92.9116899919625,
              25.268692795522576
            ],
            [
              92.91164786175919,
              25.268708962996644
            ],
            [
              92.90944442566094,
              25.26968380200743
            ],
            [
              92.90940506285183,
              25.269703571881134
            ],
            [
              92.90936781918737,
              25.269727091832305
            ],
            [
              92.90933305080891,
              25.26975413695213
            ],
            [
              92.90930109018804,
              25.269784448622485
            ],
            [
              92.90927224294718,
              25.26981773698895
            ],
            [
              92.90924678493722,
              25.26985368373255
            ],
            [
              92.90922495959958,
              25.26989194511365
            ],
            [
              92.90920697563838,
              25.269932155258964
            ],
            [
              92.9091930050247,
              25.269973929660214
            ],
            [
              92.90918318135212,
              25.270016868850977
            ],
            [
              92.90917759855917,
              25.270060562226558
            ],
            [
              92.90917631003117,
              25.27010459197039
            ],
            [
              92.9091793280896,
              25.27014853704941
            ],
            [
              92.9091866238744,
              25.270191977240138
            ],
            [
              92.90919812761985,
              25.270234497147094
            ],
            [
              92.9092137293217,
              25.27027569017497
            ],
            [
              92.90923327978919,
              25.270315162416704
            ],
            [
              92.90925659207157,
              25.270352536420194
            ],
            [
              92.90928344324585,
              25.27038745479768
            ],
            [
              92.9093135765485,
              25.270419583643257
            ],
            [
              92.90934670383075,
              25.270448615725815
            ],
            [
              92.90938250831397,
              25.270474273426963
            ],
            [
              92.90942064761887,
              25.270496311395725
            ],
            [
              92.90946075703957,
              25.270514518894693
            ],
            [
              92.90950245303092,
              25.27052872181522
            ],
            [
              92.9095453368763,
              25.27053878434232
            ],
            [
              92.90958899850027,
              25.270544610253385
            ],
            [
              92.90963302038986,
              25.270546143838313
            ],
            [
              92.91245475618663,
              25.270506381109033
            ],
            [
              92.91249848833124,
              25.270503633386216
            ],
            [
              92.91254174658874,
              25.270496649575623
            ],
            [
              92.91258412161591,
              25.270485495763502
            ],
            [
              92.91262521242733,
              25.270470277495882
            ],
            [
              92.91266463018982,
              25.27045113877983
            ],
            [
              92.91270200190192,
              25.270428260720745
            ],
            [
              92.91273697392344,
              25.27040185980859
            ],
            [
              92.91276921532197,
              25.270372185869295
            ],
            [
              92.91279842100435,
              25.270339519700727
            ],
            [
              92.91282431460374,
              25.270304170415535
            ],
            [
              92.91284665109477,
              25.270266472516116
            ],
            [
              92.91286521911223,
              25.27022678272927
            ],
            [
              92.91287984295111,
              25.270185476630587
            ],
            [
              92.91289038422931,
              25.27014294509045
            ],
            [
              92.91289674319705,
              25.270099590575324
            ],
            [
              92.91289885968084,
              25.270055823339305
            ],
            [
              92.91289671365286,
              25.270012057541972
            ],
            [
              92.9128903254205,
              25.269968707329287
            ],
            [
              92.9128797554342,
              25.269926182914634
            ],
            [
              92.91286510371535,
              25.269884886697046
            ],
            [
              92.91284650890988,
              25.269845209453415
            ],
            [
              92.91282414697632,
              25.269807526640626
            ],
            [
              92.9122058472778,
              25.26887245035912
            ]
          ]
        ]
      }
    },
    {
      "type": "Feature",
      "properties": {
        "id": "DBSCAN-007",
        "cluster_id": "DBSCAN-007",
        "name": "Jiribam Road",
        "block": "Dima Hasao",
        "district": "Dima Hasao",
        "state": "Assam",
        "households": 3,
        "priority_score": 0.316,
        "area_ha": 4.67,
        "algorithm": "dbscan",
        "status": "pending",
        "flagged_reason": null,
        "batch_id": "synthetic-v1"
      },
      "geometry": {
        "type": "Polygon",
        "coordinates": [
          [
            [
              92.95001702703513,
              25.408890189198686
            ],
            [
              92.9499951390468,
              25.4088525602542
            ],
            [
              92.94996972102953,
              25.408817219825583
            ],
            [
              92.94994101037298,
              25.408784497972082
            ],
            [
              92.94990927521812,
              25.408754700296956
            ],
            [
              92.94987481195304,
              25.40872810509333
            ],
            [
              92.94983794244476,
              25.408704960745084
            ],
            [
              92.94979901103325,
              25.408685483407098
            ],
            [
              92.94975838131549,
              25.408669854986485
            ],
            [
              92.94971643274961,
              25.408658221443698
            ],
            [
              92.94967355711108,
              25.408650691429315
            ],
            [
              92.94963015483364,
              25.408647335269343
            ],
            [
              92.94958663126957,
              25.408648184308376
            ],
            [
              92.94954339290389,
              25.40865323061688
            ],
            [
              92.94950084355803,
              25.408662427065245
            ],
            [
              92.94945938061834,
              25.408675687763935
            ],
            [
              92.94941939132482,
              25.408692888865666
            ],
            [
              92.94938124915444,
              25.408713869722053
            ],
            [
              92.94934531033309,
              25.40873843438399
            ],
            [
              92.94931191050865,
              25.40876635343168
            ],
            [
              92.94928136161624,
              25.408797366117305
            ],
            [
              92.94925394896494,
              25.40883118280024
            ],
            [
              92.9492299285731,
              25.408867487652152
            ],
            [
              92.94920952477734,
              25.408905941606633
            ],
            [
              92.94919292813739,
              25.408946185525906
            ],
            [
              92.94918029365627,
              25.408987843554947
            ],
            [
              92.94917173933277,
              25.409030526631756
            ],
            [
              92.94916734505934,
              25.40907383612099
            ],
            [
              92.94916715187597,
              25.40911736753696
            ],
            [
              92.94917116158688,
              25.409160714321327
            ],
            [
              92.94917933674367,
              25.40920347164009
            ],
            [
              92.9491916009951,
              25.409245240164527
            ],
            [
              92.94920783980012,
              25.40928562980067
            ],
            [
              92.95087626214746,
              25.412917646174016
            ],
            [
              92.95089660625354,
              25.412956764011863
            ],
            [
              92.95092067731365,
              25.412993705478478
            ],
            [
              92.95094824469712,
              25.413028116628695
            ],
            [
              92.95097904427413,
              25.413059667760937
            ],
            [
              92.95101278094648,
              25.413088056576147
            ],
            [
              92.95104913147492,
              25.41311301107419
            ],
            [
              92.9510877475762,
              25.41313429215997
            ],
            [
              92.95112825926009,
              25.41315169593423
            ],
            [
              92.9511702783743,
              25.413165055647188
            ],
            [
              92.95121340232353,
              25.413174243296186
            ],
            [
              92.95125721792671,
              25.41317917085214
            ],
            [
              92.95130130537594,
              25.413179791102927
            ],
            [
              92.95134524225865,
              25.413176098105783
            ],
            [
              92.95138860760491,
              25.413168127244205
            ],
            [
              92.9514309859208,
              25.413155954888953
            ],
            [
              92.9514719711694,
              25.41313969766632
            ],
            [
              92.95151117066108,
              25.413119511340703
            ],
            [
              92.951548208816,
              25.413095589322186
            ],
            [
              92.95158273076262,
              25.413068160813438
            ],
            [
              92.95161440573777,
              25.413037488613657
            ],
            [
              92.95164293025583,
              25.413003866600636
            ],
            [
              92.95166803101648,
              25.412967616915044
            ],
            [
              92.95168946752321,
              25.412929086873916
            ],
            [
              92.95170703438768,
              25.412888645642937
            ],
            [
              92.95172056329747,
              25.412846680699353
            ],
            [
              92.95172992462882,
              25.412803594119474
            ],
            [
              92.95173502868855,
              25.412759798726285
            ],
            [
              92.9517358265734,
              25.41271571413408
            ],
            [
              92.95173231063868,
              25.412671762728035
            ],
            [
              92.95172451457137,
              25.412628365617245
            ],
            [
              92.95171251306752,
              25.41258593859996
            ],
            [
              92.95169642111644,
              25.412544888179738
            ],
            [
              92.95029323040188,
              25.40942420467214
            ],
            [
              92.95028225866791,
              25.40940152206443
            ],
            [
              92.95001702703513,
              25.408890189198686
            ]
          ]
        ]
      }
    },
    {
      "type": "Feature",
      "properties": {
        "id": "DBSCAN-008",
        "cluster_id": "DBSCAN-008",
        "name": "Borlangfer",
        "block": "Dima Hasao",
        "district": "Dima Hasao",
        "state": "Assam",
        "households": 4,
        "priority_score": 0.406,
        "area_ha": 4.29,
        "algorithm": "dbscan",
        "status": "pending",
        "flagged_reason": null,
        "batch_id": "synthetic-v1"
      },
      "geometry": {
        "type": "Polygon",
        "coordinates": [
          [
            [
              92.62066906973942,
              25.437425669174097
            ],
            [
              92.62065332247816,
              25.437383936308045
            ],
            [
              92.62063352497061,
              25.437343965480675
            ],
            [
              92.62060987134294,
              25.437306148629357
            ],
            [
              92.6205825935328,
              25.437270856570475
            ],
            [
              92.62055195901512,
              25.437238435363334
            ],
            [
              92.62051826817928,
              25.437209202916865
            ],
            [
              92.62048185138367,
              25.43718344587233
            ],
            [
              92.62044306571629,
              25.437161416792634
            ],
            [
              92.62040229149335,
              25.43714333168581
            ],
            [
              92.62035992852996,
              25.437129367886925
            ],
            [
              92.62031639221982,
              25.43711966231921
            ],
            [
              92.62027210946192,
              25.43711431015143
            ],
            [
              92.62022751447468,
              25.437113363864736
            ],
            [
              92.62018304453805,
              25.437116832738024
            ],
            [
              92.62013913570581,
              25.437124682756952
            ],
            [
              92.62009621852978,
              25.437136836947488
            ],
            [
              92.62005471383802,
              25.43715317613068
            ],
            [
              92.62001502860832,
              25.43717354009126
            ],
            [
              92.61997755197764,
              25.437197729148668
            ],
            [
              92.61994265142627,
              25.437225506115023
            ],
            [
              92.61991066917457,
              25.437256598620905
            ],
            [
              92.61988191882725,
              25.43729070178608
            ],
            [
              92.6198566822983,
              25.43732748120903
            ],
            [
              92.61983520704668,
              25.437366576245978
            ],
            [
              92.61981770364982,
              25.437407603547182
            ],
            [
              92.61980434373875,
              25.437450160815917
            ],
            [
              92.61979525831525,
              25.43749383075324
            ],
            [
              92.61963129715558,
              25.438539118507563
            ],
            [
              92.61962650346608,
              25.438584775957402
            ],
            [
              92.61962638188238,
              25.43863068420723
            ],
            [
              92.61963093366735,
              25.438676366407684
            ],
            [
              92.61964011154157,
              25.438721348057385
            ],
            [
              92.61965382017438,
              25.43876516193157
            ],
            [
              92.61967191717412,
              25.43880735293518
            ],
            [
              92.61969421456708,
              25.438847482829917
            ],
            [
              92.62072639592205,
              25.440500676089222
            ],
            [
              92.62075207122092,
              25.440537565166807
            ],
            [
              92.62078129482062,
              25.4405717120003
            ],
            [
              92.62081377578586,
              25.440602776641192
            ],
            [
              92.62084919075268,
              25.44063044982573
            ],
            [
              92.62088718714767,
              25.440654456053757
            ],
            [
              92.62092738669807,
              25.440674556331487
            ],
            [
              92.6209693891976,
              25.440690550550777
            ],
            [
              92.62101277649073,
              25.440702279481314
            ],
            [
              92.62105711663565,
              25.440709626355833
            ],
            [
              92.62110196820443,
              25.44071251803259
            ],
            [
              92.62114688467769,
              25.440710925723526
            ],
            [
              92.62119141888982,
              25.440704865280853
            ],
            [
              92.62123512748092,
              25.44069439703926
            ],
            [
              92.62127757531044,
              25.44067962521523
            ],
            [
              92.62131833978943,
              25.440660696869532
            ],
            [
              92.62135701508743,
              25.44063780044315
            ],
            [
              92.62139321617286,
              25.44061116388125
            ],
            [
              92.62142658264615,
              25.4405810523639
            ],
            [
              92.62145678232766,
              25.44054776566604
            ],
            [
              92.6214835145647,
              25.44051163517311
            ],
            [
              92.62150651322474,
              25.440473020581912
            ],
            [
              92.62152554934481,
              25.440432306319675
            ],
            [
              92.62154043341098,
              25.44038989771688
            ],
            [
              92.62155101724508,
              25.440346216972003
            ],
            [
              92.62155719547981,
              25.44030169894832
            ],
            [
              92.62155890660783,
              25.440256786844632
            ],
            [
              92.62155613359401,
              25.44021192778299
            ],
            [
              92.62154890404507,
              25.440167568357396
            ],
            [
              92.62153728993472,
              25.440124150187724
            ],
            [
              92.62066906973942,
              25.437425669174097
            ]
          ]
        ]
      }
    },
    {
      "type": "Feature",
      "properties": {
        "id": "HDBSCAN-009",
        "cluster_id": "HDBSCAN-009",
        "name": "Longmisa",
        "block": "Dima Hasao",
        "district": "Dima Hasao",
        "state": "Assam",
        "households": 8,
        "priority_score": 0.891,
        "area_ha": 5.99,
        "algorithm": "hdbscan",
        "status": "pending",
        "flagged_reason": null,
        "batch_id": "synthetic-v1"
      },
      "geometry": {
        "type": "Polygon",
        "coordinates": [
          [
            [
              92.61037779973722,
              25.118092905878182
            ],
            [
              92.61033615207725,
              25.11807477908035
            ],
            [
              92.61029289064791,
              25.118060938664435
            ],
            [
              92.61024845532378,
              25.118051525357348
            ],
            [
              92.61020329791539,
              25.11804663487193
            ],
            [
              92.61015787757528,
              25.11804631693378
            ],
            [
              92.61011265612944,
              25.118050574775626
            ],
            [
              92.61006809338156,
              25.11805936510449
            ],
            [
              92.61002464243778,
              25.11807259854186
            ],
            [
              92.6099827450996,
              25.118090140532484
            ],
            [
              92.60994282737178,
              25.1181118127125
            ],
            [
              92.60990529513073,
              25.118137394723007
            ],
            [
              92.60987052999762,
              25.11816662645065
            ],
            [
              92.6098388854582,
              25.118199210672373
            ],
            [
              92.60981068326855,
              25.118234816077575
            ],
            [
              92.60978621018356,
              25.118273080636786
            ],
            [
              92.608823351533,
              25.119960327407114
            ],
            [
              92.60880269328358,
              25.120001230011713
            ],
            [
              92.6087862974804,
              25.120044019776497
            ],
            [
              92.60877433379684,
              25.12008825388786
            ],
            [
              92.60876692604015,
              25.120133474585256
            ],
            [
              92.6087641508701,
              25.120179213898364
            ],
            [
              92.60876603700582,
              25.120224998489924
            ],
            [
              92.60877256492844,
              25.12027035455411
            ],
            [
              92.60878366708322,
              25.120314812719744
            ],
            [
              92.6087992285785,
              25.120357912907643
            ],
            [
              92.60881908837483,
              25.120399209091754
            ],
            [
              92.60884304095136,
              25.120438273914928
            ],
            [
              92.60887083843278,
              25.120474703111444
            ],
            [
              92.60966385199931,
              25.121411078171008
            ],
            [
              92.60969452650407,
              25.12144383861003
            ],
            [
              92.60972830871462,
              25.121473384064135
            ],
            [
              92.60976486328698,
              25.12149942124614
            ],
            [
              92.60980382735696,
              25.121521691694227
            ],
            [
              92.60984481414214,
              25.121539974337598
            ],
            [
              92.6098874167813,
              25.12155408769097
            ],
            [
              92.60993121237325,
              25.121563891656127
            ],
            [
              92.60997576617477,
              25.121569288912596
            ],
            [
              92.61002063591616,
              25.12157022588374
            ],
            [
              92.6100653761915,
              25.12156669326858
            ],
            [
              92.61010954288004,
              25.121558726134122
            ],
            [
              92.6101526975548,
              25.121546403567276
            ],
            [
              92.61019441183473,
              25.121529847889764
            ],
            [
              92.61023427163703,
              25.121509223443894
            ],
            [
              92.61027188128767,
              25.121484734961182
            ],
            [
              92.61030686744907,
              25.121456625530065
            ],
            [
              92.61033888282608,
              25.12142517418284
            ],
            [
              92.61036760961346,
              25.121390693125807
            ],
            [
              92.61039276265066,
              25.12135352464013
            ],
            [
              92.61041409225243,
              25.12131403768411
            ],
            [
              92.61043138668741,
              25.12127262423067
            ],
            [
              92.61125883104471,
              25.118975589690987
            ],
            [
              92.6112716280879,
              25.11893381120798
            ],
            [
              92.61128031711056,
              25.11889098940463
            ],
            [
              92.61128481635478,
              25.118847527205443
            ],
            [
              92.6112850834857,
              25.11880383356062
            ],
            [
              92.61128111598978,
              25.118760319598113
            ],
            [
              92.61127295119853,
              25.118717394755183
            ],
            [
              92.61126066593715,
              25.118675462925868
            ],
            [
              92.61124437580173,
              25.118634918660618
            ],
            [
              92.61122423407154,
              25.118596143453825
            ],
            [
              92.61120043026678,
              25.118559502154234
            ],
            [
              92.61117318836531,
              25.118525339531946
            ],
            [
              92.6111427646952,
              25.118493977034372
            ],
            [
              92.61110944552283,
              25.11846570976162
            ],
            [
              92.61107354435929,
              25.118440803689804
            ],
            [
              92.6110353990105,
              25.11841949316839
            ],
            [
              92.61037779973722,
              25.118092905878182
            ]
          ]
        ]
      }
    },
    {
      "type": "Feature",
      "properties": {
        "id": "HDBSCAN-010",
        "cluster_id": "HDBSCAN-010",
        "name": "Umrangso Basti",
        "block": "Dima Hasao",
        "district": "Dima Hasao",
        "state": "Assam",
        "households": 6,
        "priority_score": 0.763,
        "area_ha": 6.74,
        "algorithm": "hdbscan",
        "status": "pending",
        "flagged_reason": null,
        "batch_id": "synthetic-v1"
      },
      "geometry": {
        "type": "Polygon",
        "coordinates": [
          [
            [
              92.73065175177739,
              25.077986365718967
            ],
            [
              92.73064277519781,
              25.077943217199046
            ],
            [
              92.73062962495872,
              25.077901152427987
            ],
            [
              92.73061242694465,
              25.077860574083218
            ],
            [
              92.73059134578867,
              25.077821870612897
            ],
            [
              92.73056658329635,
              25.077785412517414
            ],
            [
              92.73053837651395,
              25.077751548802627
            ],
            [
              92.73050699545922,
              25.077720603638934
            ],
            [
              92.73047274053654,
              25.077692873258034
            ],
            [
              92.73043593966128,
              25.077668623117177
            ],
            [
              92.73039694512063,
              25.077648085357982
            ],
            [
              92.73035613020137,
              25.077631456584204
            ],
            [
              92.73031388561631,
              25.077618895979683
            ],
            [
              92.73027061576423,
              25.07761052378451
            ],
            [
              92.7302267348585,
              25.077606420143987
            ],
            [
              92.73018266296206,
              25.077606624341428
            ],
            [
              92.73013882196612,
              25.07761113442209
            ],
            [
              92.73009563155155,
              25.077619907211893
            ],
            [
              92.73005350517131,
              25.077632858730727
            ],
            [
              92.73001284609259,
              25.077649864996356
            ],
            [
              92.72997404353643,
              25.07767076321129
            ],
            [
              92.72993746895173,
              25.077695353321207
            ],
            [
              92.72990347245947,
              25.077723399930026
            ],
            [
              92.7298723795011,
              25.07775463455332
            ],
            [
              92.72984448772314,
              25.07778875818845
            ],
            [
              92.7289252263724,
              25.079032991883597
            ],
            [
              92.72890024675458,
              25.079070611333094
            ],
            [
              92.72887915925958,
              25.079110542797395
            ],
            [
              92.72886217581703,
              25.07915238496471
            ],
            [
              92.72884946711076,
              25.079195717320655
            ],
            [
              92.72884116086345,
              25.079240104374428
            ],
            [
              92.72883734055303,
              25.079285100035495
            ],
            [
              92.72883804457364,
              25.079330252096817
            ],
            [
              92.72884326584989,
              25.079375106779526
            ],
            [
              92.72885295190785,
              25.079419213293416
            ],
            [
              92.72886700540253,
              25.07946212836739
            ],
            [
              92.7288852850961,
              25.07950342070433
            ],
            [
              92.72890760727735,
              25.07954267531566
            ],
            [
              92.73038892656268,
              25.0818680667238
            ],
            [
              92.73041429548393,
              25.08190390757421
            ],
            [
              92.73044303354432,
              25.081937108065286
            ],
            [
              92.73047486765503,
              25.081967352703117
            ],
            [
              92.73050949530645,
              25.08199435408234
            ],
            [
              92.7305465874428,
              25.082017855617266
            ],
            [
              92.73058579158908,
              25.08203763398014
            ],
            [
              92.73062673520049,
              25.082053501223346
            ],
            [
              92.73066902920269,
              25.08206530656542
            ],
            [
              92.73071227168893,
              25.082072937823877
            ],
            [
              92.73075605173938,
              25.08207632248125
            ],
            [
              92.73079995332586,
              25.082075428374193
            ],
            [
              92.73084355926528,
              25.082070263999125
            ],
            [
              92.730886455184,
              25.082060878431495
            ],
            [
              92.73092823345549,
              25.082047360859423
            ],
            [
              92.73096849707385,
              25.082029839736187
            ],
            [
              92.73100686342647,
              25.082008481559548
            ],
            [
              92.73104296792987,
              25.081983489289605
            ],
            [
              92.73107646749422,
              25.081955100420103
            ],
            [
              92.7311070437836,
              25.081923584721622
            ],
            [
              92.73113440624105,
              25.081889241678006
            ],
            [
              92.73115829484969,
              25.0818523976405
            ],
            [
              92.73117848260353,
              25.081813402726496
            ],
            [
              92.73119477766461,
              25.08177262749251
            ],
            [
              92.73120702518607,
              25.081730459412864
            ],
            [
              92.73121510878353,
              25.081687299197675
            ],
            [
              92.73121895164107,
              25.08164355698501
            ],
            [
              92.73121851724123,
              25.08159964844348
            ],
            [
              92.73121380971197,
              25.081555990822253
            ],
            [
              92.73065175177739,
              25.077986365718967
            ]
          ]
        ]
      }
    },
    {
      "type": "Feature",
      "properties": {
        "id": "HDBSCAN-011",
        "cluster_id": "HDBSCAN-011",
        "name": "Khonoma Tola",
        "block": "Dima Hasao",
        "district": "Dima Hasao",
        "state": "Assam",
        "households": 8,
        "priority_score": 1.0,
        "area_ha": 15.57,
        "algorithm": "hdbscan",
        "status": "pending",
        "flagged_reason": null,
        "batch_id": "synthetic-v1"
      },
      "geometry": {
        "type": "Polygon",
        "coordinates": [
          [
            [
              92.6819636189937,
              25.206643844855726
            ],
            [
              92.68194558769798,
              25.206603171067226
            ],
            [
              92.68192363187116,
              25.20656447447352
            ],
            [
              92.68189796570749,
              25.20652813258668
            ],
            [
              92.68186883959821,
              25.206494499946967
            ],
            [
              92.68183653768865,
              25.20646390466407
            ],
            [
              92.68180137510633,
              25.206436645216158
            ],
            [
              92.68176369488656,
              25.20641298753802
            ],
            [
              92.681723864626,
              25.206393162426686
            ],
            [
              92.6816822728964,
              25.206377363289842
            ],
            [
              92.68163932545387,
              25.206365744259006
            ],
            [
              92.68159544128048,
              25.206358418685873
            ],
            [
              92.6815510484967,
              25.20635545803648
            ],
            [
              92.68150658018489,
              25.206356891194005
            ],
            [
              92.6814624701642,
              25.206362704177014
            ],
            [
              92.68141914875844,
              25.206372840275826
            ],
            [
              92.68137703859792,
              25.206387200605782
            ],
            [
              92.68133655049638,
              25.20640564507192
            ],
            [
              92.68129807944332,
              25.2064279937357
            ],
            [
              92.6812620007505,
              25.206454028570437
            ],
            [
              92.68122866639051,
              25.20648349558829
            ],
            [
              92.68119840156315,
              25.206516107318098
            ],
            [
              92.67919296881641,
              25.20890340824279
            ],
            [
              92.67916825722165,
              25.208935676004018
            ],
            [
              92.67914655470605,
              25.20897003982433
            ],
            [
              92.67912803795157,
              25.209006219945028
            ],
            [
              92.67911285770465,
              25.209043921820758
            ],
            [
              92.67841862086316,
              25.211021269015532
            ],
            [
              92.67840630963255,
              25.211062552985002
            ],
            [
              92.6783979985379,
              25.211104824231022
            ],
            [
              92.67839376359895,
              25.211147696107894
            ],
            [
              92.67839364355174,
              25.211190776476077
            ],
            [
              92.67839763949434,
              25.211233671289015
            ],
            [
              92.6784057148767,
              25.211275988197386
            ],
            [
              92.67841779583514,
              25.211317340137818
            ],
            [
              92.6784337718678,
              25.2113573488733
            ],
            [
              92.67845349684545,
              25.211395648452815
            ],
            [
              92.67917249615442,
              25.212641484704157
            ],
            [
              92.67919618392001,
              25.21267827723748
            ],
            [
              92.67922332986129,
              25.212712597765158
            ],
            [
              92.67925367780458,
              25.212744122407667
            ],
            [
              92.67928694135927,
              25.212772553669982
            ],
            [
              92.67932280662038,
              25.21279762324901
            ],
            [
              92.67936093513089,
              25.212819094565543
            ],
            [
              92.67940096707571,
              25.212836764996823
            ],
            [
              92.6794425246772,
              25.21285046778869
            ],
            [
              92.6794852157603,
              25.212860073629212
            ],
            [
              92.67952863745332,
              25.212865491868996
            ],
            [
              92.67957237998992,
              25.212866671376627
            ],
            [
              92.679616030576,
              25.212863601021212
            ],
            [
              92.67965917728516,
              25.212856309777393
            ],
            [
              92.67970141294603,
              25.212844866451945
            ],
            [
              92.67974233898477,
              25.21282937903443
            ],
            [
              92.67978156918625,
              25.212809993678118
            ],
            [
              92.67981873333882,
              25.212786893320757
            ],
            [
              92.67985348072797,
              25.2127602959582
            ],
            [
              92.6798854834459,
              25.212730452587206
            ],
            [
              92.67991443948604,
              25.212697644836805
            ],
            [
              92.67994007559302,
              25.21266218231058
            ],
            [
              92.68254299552844,
              25.20866616684241
            ],
            [
              92.68256451487629,
              25.208629446189693
            ],
            [
              92.68258247242456,
              25.208590858430917
            ],
            [
              92.68259670785294,
              25.208550748067587
            ],
            [
              92.6826070940712,
              25.208509473194628
            ],
            [
              92.68261353835388,
              25.208467402303405
            ],
            [
              92.68261598316809,
              25.208424910991926
            ],
            [
              92.68261440668718,
              25.20838237861161
            ],
            [
              92.68260882298554,
              25.208340184880516
            ],
            [
              92.68259928191303,
              25.208298706493338
            ],
            [
              92.68258586864985,
              25.208258313758364
            ],
            [
              92.6819636189937,
              25.206643844855726
            ]
          ]
        ]
      }
    },
    {
      "type": "Feature",
      "properties": {
        "id": "HDBSCAN-012",
        "cluster_id": "HDBSCAN-012",
        "name": "Rengpang",
        "block": "Dima Hasao",
        "district": "Dima Hasao",
        "state": "Assam",
        "households": 5,
        "priority_score": 0.597,
        "area_ha": 6.6,
        "algorithm": "hdbscan",
        "status": "pending",
        "flagged_reason": null,
        "batch_id": "synthetic-v1"
      },
      "geometry": {
        "type": "Polygon",
        "coordinates": [
          [
            [
              92.82946977515113,
              25.178935846130184
            ],
            [
              92.82942708526853,
              25.178922009965223
            ],
            [
              92.82938323052103,
              25.178912490161792
            ],
            [
              92.82933864617289,
              25.178907381205224
            ],
            [
              92.82929377472978,
              25.178906733802606
            ],
            [
              92.82924906154685,
              25.17891055437949
            ],
            [
              92.82920495040844,
              25.178918805016142
            ],
            [
              92.82916187912357,
              25.178931403823874
            ],
            [
              92.82912027518056,
              25.17894822575782
            ],
            [
              92.82908055150413,
              25.17896910385802
            ],
            [
              92.82904310235715,
              25.17899383090651
            ],
            [
              92.82900829942746,
              25.179022161484
            ],
            [
              92.8289764881388,
              25.179053814405684
            ],
            [
              92.82894798422255,
              25.179088475512046
            ],
            [
              92.82892307058388,
              25.179125800786927
            ],
            [
              92.82890199449405,
              25.17916541977194
            ],
            [
              92.82888496513607,
              25.179206939243315
            ],
            [
              92.82887215152863,
              25.179249947114695
            ],
            [
              92.82886368084849,
              25.17929401652715
            ],
            [
              92.82864190515593,
              25.180867046943437
            ],
            [
              92.8286379248891,
              25.180910234081026
            ],
            [
              92.82863811638408,
              25.180953603825166
            ],
            [
              92.82864247786573,
              25.180996754130554
            ],
            [
              92.8286509689023,
              25.181039284986124
            ],
            [
              92.82866351078036,
              25.18108080212321
            ],
            [
              92.82867998723447,
              25.18112092067051
            ],
            [
              92.82870024552491,
              25.181159268721892
            ],
            [
              92.82872409785374,
              25.18119549078405
            ],
            [
              92.82875132310556,
              25.181229251071965
            ],
            [
              92.82878166889743,
              25.181260236621714
            ],
            [
              92.8288148539184,
              25.181288160191702
            ],
            [
              92.82885057053737,
              25.18131276292542
            ],
            [
              92.8288884876549,
              25.181333816751113
            ],
            [
              92.82892825377247,
              25.181351126496047
            ],
            [
              92.82896950025108,
              25.181364531695777
            ],
            [
              92.82901184472846,
              25.1813739080817
            ],
            [
              92.8290548946637,
              25.181379168733038
            ],
            [
              92.83055314537869,
              25.181489393187316
            ],
            [
              92.830599111511,
              25.181490422039783
            ],
            [
              92.83064494307594,
              25.181486759866594
            ],
            [
              92.83069016258372,
              25.1814784448216
            ],
            [
              92.83073429892119,
              25.181465563533934
            ],
            [
              92.83077689226006,
              25.181448250205502
            ],
            [
              92.83081749884754,
              25.18142668521281
            ],
            [
              92.83085569562957,
              25.181401093227734
            ],
            [
              92.83091845762476,
              25.181354230712824
            ],
            [
              92.83094844785305,
              25.18132976260207
            ],
            [
              92.8309762268674,
              25.181302810262682
            ],
            [
              92.83176045005686,
              25.180473604217497
            ],
            [
              92.83178923365739,
              25.180440007868963
            ],
            [
              92.8318145827977,
              25.18040375002319
            ],
            [
              92.83183625296213,
              25.180365180420285
            ],
            [
              92.83185403512212,
              25.180324671099374
            ],
            [
              92.83186775775243,
              25.180282612809922
            ],
            [
              92.83187728848579,
              25.180239411242628
            ],
            [
              92.83188253538948,
              25.18019548311615
            ],
            [
              92.83188344785238,
              25.18015125215747
            ],
            [
              92.8318800170729,
              25.18010714501466
            ],
            [
              92.83187227614408,
              25.180063587141483
            ],
            [
              92.83186029973426,
              25.180020998693497
            ],
            [
              92.83184420336686,
              25.17997979047525
            ],
            [
              92.83182414230606,
              25.179940359977728
            ],
            [
              92.8318003100592,
              25.17990308754417
            ],
            [
              92.83177293651008,
              25.1798683327013
            ],
            [
              92.83174228570162,
              25.17983643069139
            ],
            [
              92.83170865328896,
              25.17980768923853
            ],
            [
              92.83167236368747,
              25.179782385580324
            ],
            [
              92.83163376694358,
              25.179760763793727
            ],
            [
              92.83159323535821,
              25.17974303244065
            ],
            [
              92.82946977515113,
              25.178935846130184
            ]
          ]
        ]
      }
    },
    {
      "type": "Feature",
      "properties": {
        "id": "HDBSCAN-013",
        "cluster_id": "HDBSCAN-013",
        "name": "Haflong Fringe",
        "block": "Dima Hasao",
        "district": "Dima Hasao",
        "state": "Assam",
        "households": 5,
        "priority_score": 0.433,
        "area_ha": 12.07,
        "algorithm": "hdbscan",
        "status": "pending",
        "flagged_reason": null,
        "batch_id": "synthetic-v1"
      },
      "geometry": {
        "type": "Polygon",
        "coordinates": [
          [
            [
              92.79255280569777,
              25.328727405380484
            ],
            [
              92.79257553367991,
              25.32868967010539
            ],
            [
              92.7925944671208,
              25.328649895276982
            ],
            [
              92.79260942494817,
              25.328608461286603
            ],
            [
              92.79262026411106,
              25.328565764393204
            ],
            [
              92.79262688094786,
              25.328522212933645
            ],
            [
              92.79262921217762,
              25.32847822341755
            ],
            [
              92.79262723550535,
              25.328434216543936
            ],
            [
              92.79262096983521,
              25.328390613177827
            ],
            [
              92.79261047508967,
              25.32834783032525
            ],
            [
              92.7925958516365,
              25.328306277145153
            ],
            [
              92.79257723932886,
              25.328266351036373
            ],
            [
              92.79255481616778,
              25.328228433837037
            ],
            [
              92.79252879659984,
              25.328192888172843
            ],
            [
              92.79249942946632,
              25.32816005398902
            ],
            [
              92.79246699562333,
              25.328130245299228
            ],
            [
              92.79243180525582,
              25.32810374718245
            ],
            [
              92.79239419491108,
              25.32808081305661
            ],
            [
              92.7923545242802,
              25.328061662254978
            ],
            [
              92.79231317275799,
              25.32804647792854
            ],
            [
              92.7922705358147,
              25.328035405294433
            ],
            [
              92.79222702121388,
              25.328028550247122
            ],
            [
              92.79218304511262,
              25.32802597834567
            ],
            [
              92.79213902808166,
              25.32802771418677
            ],
            [
              92.79209539108317,
              25.3280337411695
            ],
            [
              92.79205255144481,
              25.328044001654078
            ],
            [
              92.789041473714,
              25.328922896183304
            ],
            [
              92.78900073090547,
              25.32893693586717
            ],
            [
              92.78896151616495,
              25.328954804647076
            ],
            [
              92.78575300380886,
              25.33060650626124
            ],
            [
              92.78571433766044,
              25.33062890390708
            ],
            [
              92.78567808087651,
              25.330655022314243
            ],
            [
              92.78564459024786,
              25.330684604460302
            ],
            [
              92.78561419534444,
              25.330717359237347
            ],
            [
              92.78558719527223,
              25.33075296431668
            ],
            [
              92.78556385572983,
              25.330791069320735
            ],
            [
              92.7855444063938,
              25.330831299271033
            ],
            [
              92.78552903865848,
              25.330873258278224
            ],
            [
              92.78551790375256,
              25.330916533437886
            ],
            [
              92.7855111112509,
              25.33096069889378
            ],
            [
              92.78550872799622,
              25.331005320028577
            ],
            [
              92.78551077744129,
              25.33104995774075
            ],
            [
              92.78551723941825,
              25.331094172765653
            ],
            [
              92.78552805033696,
              25.331137529998152
            ],
            [
              92.78554310381082,
              25.331179602774366
            ],
            [
              92.78556225170367,
              25.331219977070308
            ],
            [
              92.78558530558755,
              25.33125825557617
            ],
            [
              92.785612038597,
              25.3312940616061
            ],
            [
              92.78564218766148,
              25.331327042805047
            ],
            [
              92.78567545609424,
              25.331356874616173
            ],
            [
              92.78571151651187,
              25.331383263474695
            ],
            [
              92.78575001405596,
              25.33140594969677
            ],
            [
              92.7857905698852,
              25.331424710034945
            ],
            [
              92.78583278490335,
              25.331439359875066
            ],
            [
              92.78587624368669,
              25.331449755053008
            ],
            [
              92.78592051857198,
              25.33145579327333
            ],
            [
              92.78596517386507,
              25.33145741511595
            ],
            [
              92.78600977012826,
              25.33145460462086
            ],
            [
              92.7860538685048,
              25.33144738944519
            ],
            [
              92.7913377299891,
              25.330311233626187
            ],
            [
              92.79137950449041,
              25.330300129784113
            ],
            [
              92.79142002236381,
              25.330285073018068
            ],
            [
              92.79145891051085,
              25.330266201974418
            ],
            [
              92.79149581084,
              25.33024369042233
            ],
            [
              92.79153038356405,
              25.33021774565366
            ],
            [
              92.79156231032891,
              25.330188606574158
            ],
            [
              92.79159129714517,
              25.330156541503566
            ],
            [
              92.79161707709517,
              25.33012184570487
            ],
            [
              92.79255280569777,
              25.328727405380484
            ]
          ]
        ]
      }
    },
    {
      "type": "Feature",
      "properties": {
        "id": "HDBSCAN-014",
        "cluster_id": "HDBSCAN-014",
        "name": "Maibang Hamlet",
        "block": "Dima Hasao",
        "district": "Dima Hasao",
        "state": "Assam",
        "households": 5,
        "priority_score": 0.602,
        "area_ha": 5.25,
        "algorithm": "hdbscan",
        "status": "pending",
        "flagged_reason": null,
        "batch_id": "synthetic-v1"
      },
      "geometry": {
        "type": "Polygon",
        "coordinates": [
          [
            [
              92.91219970771105,
              25.268872141362902
            ],
            [
              92.91217290068714,
              25.268835965273265
            ],
            [
              92.91214261603677,
              25.268802646120445
            ],
            [
              92.91210915634822,
              25.268772516811875
            ],
            [
              92.91207285593309,
              25.26874587838374
            ],
            [
              92.912034077486,
              25.26872299699319
            ],
            [
              92.91199320846077,
              25.268704101259026
            ],
            [
              92.9119506571992,
              25.268689379977474
            ],
            [
              92.91190684885106,
              25.26867898023583
            ],
            [
              92.91186222112633,
              25.268673005942833
            ],
            [
              92.9118172199217,
              25.268671516790477
            ],
            [
              92.91177229486553,
              25.26867452765758
            ],
            [
              92.91172789482532,
              25.268682008461155
            ],
            [
              92.9116844634229,
              25.268693884456944
            ],
            [
              92.91164243460196,
              25.26871003698625
            ],
            [
              92.90944595838518,
              25.269682809968042
            ],
            [
              92.90940661627249,
              25.26970258763079
            ],
            [
              92.90936939318213,
              25.26972611207166
            ],
            [
              92.90933464481644,
              25.26975315849205
            ],
            [
              92.9093027032294,
              25.269783468437467
            ],
            [
              92.90927387365352,
              25.2698167522673
            ],
            [
              92.90924843158304,
              25.269852691922615
            ],
            [
              92.90922662014138,
              25.269890943965525
            ],
            [
              92.90920864775778,
              25.269931142861058
            ],
            [
              92.90919468617562,
              25.269972904470194
            ],
            [
              92.90918486881121,
              25.270015829720688
            ],
            [
              92.90917928947887,
              25.270059508420587
            ],
            [
              92.90917800149451,
              25.270103523178005
            ],
            [
              92.90918101716602,
              25.270147453389697
            ],
            [
              92.90918830767578,
              25.270190879260344
            ],
            [
              92.90919980335597,
              25.270233385814088
            ],
            [
              92.90921539435435,
              25.270274566860017
            ],
            [
              92.90923493168395,
              25.270314028873727
            ],
            [
              92.90925822864685,
              25.270351394757814
            ],
            [
              92.90928506261822,
              25.2703863074454
            ],
            [
              92.90931517717371,
              25.270418433312262
            ],
            [
              92.90934828453986,
              25.270447465364914
            ],
            [
              92.909384068344,
              25.270473126174238
            ],
            [
              92.90942218663756,
              25.270495170526576
            ],
            [
              92.90946227516368,
              25.270513387766997
            ],
            [
              92.909503950838,
              25.270527603812283
            ],
            [
              92.90954681540948,
              25.270537682814485
            ],
            [
              92.90959045926603,
              25.270543528459065
            ],
            [
              92.90963446534869,
              25.270545084885278
            ],
            [
              92.91245362900916,
              25.270506902393812
            ],
            [
              92.91249744496787,
              25.270504169447292
            ],
            [
              92.91254078679495,
              25.27049718423009
            ],
            [
              92.91258324280629,
              25.27048601309158
            ],
            [
              92.91262440973172,
              25.270470762141283
            ],
            [
              92.91266389654551,
              25.27045157624097
            ],
            [
              92.91270132818053,
              25.2704286376287
            ],
            [
              92.91273634909089,
              25.27040216418783
            ],
            [
              92.91276862662903,
              25.270372407377412
            ],
            [
              92.91279785420542,
              25.270339649843734
            ],
            [
              92.91282375420073,
              25.270304202735574
            ],
            [
              92.91284608060279,
              25.270266402748735
            ],
            [
              92.91286462134337,
              25.27022660892795
            ],
            [
              92.91287920031247,
              25.270185199256446
            ],
            [
              92.91288967903118,
              25.270142567065694
            ],
            [
              92.91289595796692,
              25.270099117299296
            ],
            [
              92.912897977479,
              25.270055262666645
            ],
            [
              92.91289571838499,
              25.27001141972276
            ],
            [
              92.91288920214298,
              25.269968004911647
            ],
            [
              92.91287849064776,
              25.269925430610662
            ],
            [
              92.91286368564292,
              25.269884101213552
            ],
            [
              92.91284492775439,
              25.269844409289284
            ],
            [
              92.91282239515475,
              25.26980673185323
            ],
            [
              92.91219970771105,
              25.268872141362902
            ]
          ]
        ]
      }
    },
    {
      "type": "Feature",
      "properties": {
        "id": "HDBSCAN-015",
        "cluster_id": "HDBSCAN-015",
        "name": "Jiribam Road",
        "block": "Dima Hasao",
        "district": "Dima Hasao",
        "state": "Assam",
        "households": 4,
        "priority_score": 0.473,
        "area_ha": 5.6,
        "algorithm": "hdbscan",
        "status": "pending",
        "flagged_reason": null,
        "batch_id": "synthetic-v1"
      },
      "geometry": {
        "type": "Polygon",
        "coordinates": [
          [
            [
              92.95041284852427,
              25.408841962168413
            ],
            [
              92.95039570601246,
              25.408799787132487
            ],
            [
              92.95037439398165,
              25.408759557830866
            ],
            [
              92.95034913012566,
              25.40872168518973
            ],
            [
              92.95032017250465,
              25.408686556062904
            ],
            [
              92.95028781690908,
              25.408654529280323
            ],
            [
              92.95025239383841,
              25.408625931982723
            ],
            [
              92.95021426512506,
              25.40860105628002
            ],
            [
              92.95017382023856,
              25.408580156267536
            ],
            [
              92.95013147230718,
              25.408563445430513
            ],
            [
              92.95008765389804,
              25.40855109446344
            ],
            [
              92.95004281259862,
              25.408543229526497
            ],
            [
              92.94999740644481,
              25.408539930956856
            ],
            [
              92.94995189924222,
              25.40854123244808
            ],
            [
              92.94990675582869,
              25.408547120705958
            ],
            [
              92.94986243732606,
              25.408557535584304
            ],
            [
              92.94949240298666,
              25.40866448875426
            ],
            [
              92.94945165458726,
              25.408678408912557
            ],
            [
              92.94941242153813,
              25.40869615632694
            ],
            [
              92.94937506236083,
              25.408717568817032
            ],
            [
              92.94933991845296,
              25.408742450710076
            ],
            [
              92.94930731096848,
              25.408770574629024
            ],
            [
              92.94927753788285,
              25.408801683570385
            ],
            [
              92.94925087127004,
              25.40883549325277
            ],
            [
              92.94922755481635,
              25.40887169471473
            ],
            [
              92.94920780159342,
              25.408909957138135
            ],
            [
              92.94919179211121,
              25.408949930871266
            ],
            [
              92.94917967266842,
              25.40899125062402
            ],
            [
              92.94917155401559,
              25.409033538806028
            ],
            [
              92.94916751034305,
              25.409076408977167
            ],
            [
              92.94916757860288,
              25.40911946937895
            ],
            [
              92.9491717581713,
              25.409162326514515
            ],
            [
              92.94918001085438,
              25.409204588744497
            ],
            [
              92.94919226123699,
              25.409245869865934
            ],
            [
              92.94920839737203,
              25.409285792641477
            ],
            [
              92.95088093901869,
              25.412914253625697
            ],
            [
              92.95090140456392,
              25.412953464755812
            ],
            [
              92.95092561702673,
              25.412990479724566
            ],
            [
              92.95095334295823,
              25.413024941645414
            ],
            [
              92.95098431503385,
              25.413056518247494
            ],
            [
              92.95101823463068,
              25.413084905079256
            ],
            [
              92.95105477470678,
              25.413109828443908
            ],
            [
              92.95109358295436,
              25.413131048038306
            ],
            [
              92.95113428519666,
              25.41314835926988
            ],
            [
              92.95117648899561,
              25.41316159522924
            ],
            [
              92.95121978743565,
              25.41317062829949
            ],
            [
              92.95126376304697,
              25.413175371386636
            ],
            [
              92.95130799183075,
              25.413175778759346
            ],
            [
              92.95135204734711,
              25.41317184648986
            ],
            [
              92.95139550482685,
              25.413163612491864
            ],
            [
              92.95143794526673,
              25.413151156154953
            ],
            [
              92.95147895946957,
              25.41313459757916
            ],
            [
              92.95151815198948,
              25.413114096416994
            ],
            [
              92.95155514494465,
              25.413089850334135
            ],
            [
              92.9515895816608,
              25.413062093103598
            ],
            [
              92.95162113011008,
              25.41303109235176
            ],
            [
              92.95164948611239,
              25.412997146977993
            ],
            [
              92.95167437626817,
              25.41296058427279
            ],
            [
              92.95169556059447,
              25.412921756762106
            ],
            [
              92.95171283483877,
              25.41288103880844
            ],
            [
              92.95172603244829,
              25.412838823001334
            ],
            [
              92.95173502617591,
              25.41279551637216
            ],
            [
              92.95173972930694,
              25.412751536469642
            ],
            [
              92.9517400964953,
              25.412707307334003
            ],
            [
              92.95173612420068,
              25.412663255408482
            ],
            [
              92.95172785072266,
              25.412619805427717
            ],
            [
              92.95171535583152,
              25.412577376322588
            ],
            [
              92.95041284852427,
              25.408841962168413
            ]
          ]
        ]
      }
    },
    {
      "type": "Feature",
      "properties": {
        "id": "HDBSCAN-016",
        "cluster_id": "HDBSCAN-016",
        "name": "Borlangfer",
        "block": "Dima Hasao",
        "district": "Dima Hasao",
        "state": "Assam",
        "households": 2,
        "priority_score": 0.165,
        "area_ha": 2.6,
        "algorithm": "hdbscan",
        "status": "pending",
        "flagged_reason": null,
        "batch_id": "synthetic-v1"
      },
      "geometry": {
        "type": "Polygon",
        "coordinates": [
          [
            [
              92.62045881898733,
              25.438371574112306
            ],
            [
              92.62043361859301,
              25.438335255631422
            ],
            [
              92.62040497971184,
              25.438301582104536
            ],
            [
              92.6203731781519,
              25.438270877826124
            ],
            [
              92.6203385201796,
              25.438243438495167
            ],
            [
              92.62030133957015,
              25.438219528367423
            ],
            [
              92.62026199439316,
              25.438199377710493
            ],
            [
              92.62022086356417,
              25.43818318058622
            ],
            [
              92.62017834319558,
              25.43817109298176
            ],
            [
              92.62013484278175,
              25.438163231307357
            ],
            [
              92.62009078125546,
              25.438159671275233
            ],
            [
              92.6200465829533,
              25.438160447170443
            ],
            [
              92.62000267352907,
              25.438165551520687
            ],
            [
              92.61995947585453,
              25.438174935168288
            ],
            [
              92.61991740594691,
              25.43818850774359
            ],
            [
              92.61987686896241,
              25.438206138535268
            ],
            [
              92.61983825529435,
              25.438227657749163
            ],
            [
              92.61980193681347,
              25.438252858143482
            ],
            [
              92.61976826328659,
              25.438281497024654
            ],
            [
              92.61973755900817,
              25.438313298584593
            ],
            [
              92.61971011967721,
              25.438347956556896
            ],
            [
              92.61968620954947,
              25.438385137166343
            ],
            [
              92.61966605889253,
              25.438424482343336
            ],
            [
              92.61964986176827,
              25.43846561317232
            ],
            [
              92.6196377741638,
              25.43850813354092
            ],
            [
              92.6196299124894,
              25.43855163395475
            ],
            [
              92.61962635245727,
              25.438595695481037
            ],
            [
              92.61962712835249,
              25.4386398937832
            ],
            [
              92.61963223270274,
              25.43868380320743
            ],
            [
              92.61964161635034,
              25.438727000881965
            ],
            [
              92.61965518892563,
              25.438769070789583
            ],
            [
              92.61967281971731,
              25.438809607774083
            ],
            [
              92.61969433893121,
              25.43884822144214
            ],
            [
              92.62072158921262,
              25.440495796711367
            ],
            [
              92.62074678960694,
              25.44053211519225
            ],
            [
              92.62077542848812,
              25.440565788719137
            ],
            [
              92.62080723004806,
              25.44059649299755
            ],
            [
              92.62084188802035,
              25.440623932328506
            ],
            [
              92.6208790686298,
              25.44064784245625
            ],
            [
              92.62091841380679,
              25.44066799311318
            ],
            [
              92.62095954463578,
              25.440684190237455
            ],
            [
              92.62100206500438,
              25.440696277841912
            ],
            [
              92.6210455654182,
              25.440704139516317
            ],
            [
              92.6210896269445,
              25.44070769954844
            ],
            [
              92.62113382524666,
              25.44070692365323
            ],
            [
              92.62117773467088,
              25.440701819302987
            ],
            [
              92.62122093234542,
              25.440692435655386
            ],
            [
              92.62126300225304,
              25.440678863080084
            ],
            [
              92.62130353923754,
              25.440661232288406
            ],
            [
              92.6213421529056,
              25.44063971307451
            ],
            [
              92.62137847138648,
              25.44061451268019
            ],
            [
              92.62141214491336,
              25.44058587379902
            ],
            [
              92.62144284919178,
              25.44055407223908
            ],
            [
              92.62147028852274,
              25.440519414266777
            ],
            [
              92.62149419865048,
              25.44048223365733
            ],
            [
              92.62151434930742,
              25.440442888480337
            ],
            [
              92.62153054643169,
              25.440401757651355
            ],
            [
              92.62154263403615,
              25.440359237282753
            ],
            [
              92.62155049571055,
              25.440315736868925
            ],
            [
              92.62155405574268,
              25.440271675342636
            ],
            [
              92.62155327984746,
              25.440227477040473
            ],
            [
              92.62154817549721,
              25.440183567616245
            ],
            [
              92.62153879184962,
              25.44014036994171
            ],
            [
              92.62152521927432,
              25.44009830003409
            ],
            [
              92.62150758848264,
              25.44005776304959
            ],
            [
              92.62148606926874,
              25.440019149381534
            ],
            [
              92.62045881898733,
              25.438371574112306
            ]
          ]
        ]
      }
    },
    {
      "type": "Feature",
      "properties": {
        "id": "EXISTING-017",
        "cluster_id": "EXISTING-017",
        "name": "Longmisa",
        "block": "Dima Hasao",
        "district": "Dima Hasao",
        "state": "Assam",
        "households": 8,
        "priority_score": 1.0,
        "area_ha": 6.76,
        "algorithm": "existing",
        "status": "pending",
        "flagged_reason": null,
        "batch_id": "synthetic-v1"
      },
      "geometry": {
        "type": "Polygon",
        "coordinates": [
          [
            [
              92.61037524431758,
              25.11809101075482
            ],
            [
              92.61033362448694,
              25.118073028283618
            ],
            [
              92.61029040780703,
              25.118059320689035
            ],
            [
              92.61024603209384,
              25.118050026838848
            ],
            [
              92.61020094690522,
              25.11804524088644
            ],
            [
              92.61015560898655,
              25.11804501131694
            ],
            [
              92.61011047764347,
              25.118049340456057
            ],
            [
              92.61006601008894,
              25.1180581844465
            ],
            [
              92.61002265681122,
              25.118071453692295
            ],
            [
              92.60998085701017,
              25.118089013766447
            ],
            [
              92.6099410341478,
              25.11811068677279
            ],
            [
              92.60990359165828,
              25.118136253148204
            ],
            [
              92.60986890886096,
              25.118165453886938
            ],
            [
              92.60983733711748,
              25.118197993164532
            ],
            [
              92.60980919627228,
              25.118233541334728
            ],
            [
              92.60978477141235,
              25.118271738269026
            ],
            [
              92.60881977141236,
              25.119962738269027
            ],
            [
              92.60879940782013,
              25.12000297681628
            ],
            [
              92.60878316980632,
              25.12004504988939
            ],
            [
              92.60877122013201,
              25.120088535770524
            ],
            [
              92.60876367857435,
              25.120132998580615
            ],
            [
              92.6087606207258,
              25.1201779926484
            ],
            [
              92.60876207723662,
              25.120223066977566
            ],
            [
              92.60876803350752,
              25.120267769767306
            ],
            [
              92.60877842983604,
              25.120311652940924
            ],
            [
              92.60879316201499,
              25.120354276637112
            ],
            [
              92.60881208237694,
              25.12039521361889
            ],
            [
              92.60883500127439,
              25.120434053555996
            ],
            [
              92.6088616889806,
              25.120470407137805
            ],
            [
              92.60988268898059,
              25.121724407137805
            ],
            [
              92.60991187850517,
              25.121756903513493
            ],
            [
              92.60994407832362,
              25.12178641985593
            ],
            [
              92.60997898564177,
              25.12181267860529
            ],
            [
              92.61001627220524,
              25.121835432834853
            ],
            [
              92.61005558738617,
              25.12185446857299
            ],
            [
              92.61009656148042,
              25.12186960681527
            ],
            [
              92.61013880918406,
              25.121880705207747
            ],
            [
              92.61018193321668,
              25.121887659385603
            ],
            [
              92.6102255280572,
              25.12189040395454
            ],
            [
              92.61026918375725,
              25.121888913105742
            ],
            [
              92.61031248979621,
              25.121883200858544
            ],
            [
              92.61035503894149,
              25.12187332092863
            ],
            [
              92.61039643107802,
              25.12185936622288
            ],
            [
              92.61043627697077,
              25.121841467965744
            ],
            [
              92.61047420192502,
              25.12181979446524
            ],
            [
              92.61050984930972,
              25.121794549530247
            ],
            [
              92.6105428839112,
              25.12176597055399
            ],
            [
              92.61057299508533,
              25.12173432628168
            ],
            [
              92.61059989967876,
              25.121699914283322
            ],
            [
              92.6106233446915,
              25.121663058155523
            ],
            [
              92.61064310965607,
              25.121624104478492
            ],
            [
              92.61065900871067,
              25.12158341955695
            ],
            [
              92.61067089234702,
              25.121541385975544
            ],
            [
              92.61127589234702,
              25.118922385975544
            ],
            [
              92.61128357121038,
              25.118879989510773
            ],
            [
              92.61128716430181,
              25.11883705333883
            ],
            [
              92.61128663874742,
              25.118793970291584
            ],
            [
              92.61128199935558,
              25.118751134544702
            ],
            [
              92.61127328857307,
              25.118708938011252
            ],
            [
              92.61126058609662,
              25.118667766755998
            ],
            [
              92.61124400814379,
              25.118627997463225
            ],
            [
              92.6112237063897,
              25.118589993990383
            ],
            [
              92.61119986657927,
              25.11855410403906
            ],
            [
              92.61117270682782,
              25.11852065597381
            ],
            [
              92.61114247562553,
              25.118489955817868
            ],
            [
              92.61110944956387,
              25.118462284453273
            ],
            [
              92.61107393080508,
              25.118437895051038
            ],
            [
              92.61103624431759,
              25.118417010754822
            ],
            [
              92.61037524431758,
              25.11809101075482
            ]
          ]
        ]
      }
    },
    {
      "type": "Feature",
      "properties": {
        "id": "EXISTING-018",
        "cluster_id": "EXISTING-018",
        "name": "Umrangso Basti",
        "block": "Dima Hasao",
        "district": "Dima Hasao",
        "state": "Assam",
        "households": 5,
        "priority_score": 0.775,
        "area_ha": 4.94,
        "algorithm": "existing",
        "status": "pending",
        "flagged_reason": null,
        "batch_id": "synthetic-v1"
      },
      "geometry": {
        "type": "Polygon",
        "coordinates": [
          [
            [
              92.73022024990378,
              25.07876085244854
            ],
            [
              92.7301797192726,
              25.07874123700075
            ],
            [
              92.73013743279813,
              25.07872576599775
            ],
            [
              92.73009381302039,
              25.078714594030764
            ],
            [
              92.73004929580217,
              25.078707832733663
            ],
            [
              92.73000432597378,
              25.078705549667497
            ],
            [
              92.72995935288816,
              25.078707767645394
            ],
            [
              92.72991482593079,
              25.078714464504607
            ],
            [
              92.7292018259308,
              25.078858464504606
            ],
            [
              92.7291595187638,
              25.078869165585363
            ],
            [
              92.72911844563914,
              25.078883910345166
            ],
            [
              92.72907899205656,
              25.078902560394244
            ],
            [
              92.72904152831518,
              25.078924940688978
            ],
            [
              92.72900640603817,
              25.078950841174827
            ],
            [
              92.72897395487237,
              25.078980018757804
            ],
            [
              92.72894447939444,
              25.079012199586113
            ],
            [
              92.72891825625213,
              25.079047081620416
            ],
            [
              92.72889553156776,
              25.079084337468686
            ],
            [
              92.72887651862823,
              25.079123617459015
            ],
            [
              92.72886139588313,
              25.079164552921515
            ],
            [
              92.72885030526986,
              25.079206759648557
            ],
            [
              92.72884335088153,
              25.0792498415008
            ],
            [
              92.72884059798987,
              25.07929339412526
            ],
            [
              92.72884207243268,
              25.079337008750425
            ],
            [
              92.72884776037128,
              25.079380276022864
            ],
            [
              92.72885760842045,
              25.07942278984929
            ],
            [
              92.72887152414943,
              25.079464151208033
            ],
            [
              92.72888937694947,
              25.07950397189412
            ],
            [
              92.7289109992597,
              25.079541878162868
            ],
            [
              92.73038899925969,
              25.081863878162867
            ],
            [
              92.7304141795796,
              25.08189950329291
            ],
            [
              92.73044268801677,
              25.081932525518933
            ],
            [
              92.73047425716994,
              25.081962635101604
            ],
            [
              92.73050859092923,
              25.081989549621376
            ],
            [
              92.73054536725347,
              25.08201301662751
            ],
            [
              92.73058424119091,
              25.08203281600599
            ],
            [
              92.73062484811481,
              25.08204876204413
            ],
            [
              92.73066680714348,
              25.08206070517251
            ],
            [
              92.73070972471281,
              25.08206853336789
            ],
            [
              92.73075319826793,
              25.082072173203972
            ],
            [
              92.73079682003892,
              25.082071590540096
            ],
            [
              92.73084018086564,
              25.08206679084149
            ],
            [
              92.73088287403557,
              25.082057819128
            ],
            [
              92.73092449909859,
              25.08204475955181
            ],
            [
              92.73096466562313,
              25.08202773460813
            ],
            [
              92.73100299685832,
              25.082006903986212
            ],
            [
              92.73103913326781,
              25.081982463071522
            ],
            [
              92.73107273590206,
              25.081954641113068
            ],
            [
              92.73110348957769,
              25.081923699073116
            ],
            [
              92.73113110583374,
              25.08188992717943
            ],
            [
              92.73115532563737,
              25.081853642203015
            ],
            [
              92.73117592181353,
              25.0818151844869
            ],
            [
              92.7311927011758,
              25.081774914753808
            ],
            [
              92.7312055063384,
              25.081733210722685
            ],
            [
              92.73121421719246,
              25.08169046356579
            ],
            [
              92.73121875203259,
              25.081647074239612
            ],
            [
              92.73121906832323,
              25.08160344972401
            ],
            [
              92.73121516309766,
              25.08155999920486
            ],
            [
              92.73120707298582,
              25.08151713023599
            ],
            [
              92.73064307298583,
              25.079161130235992
            ],
            [
              92.73063147186242,
              25.079120991866205
            ],
            [
              92.73061620163799,
              25.079082101057022
            ],
            [
              92.73059739368809,
              25.079044792401
            ],
            [
              92.73057520982476,
              25.07900938687882
            ],
            [
              92.73054984090427,
              25.07897618909777
            ],
            [
              92.73052150518518,
              25.078945484671095
            ],
            [
              92.73049044645056,
              25.078917537760766
            ],
            [
              92.73045693191061,
              25.078892588804766
            ],
            [
              92.73042124990378,
              25.07887085244854
            ],
            [
              92.73022024990378,
              25.07876085244854
            ]
          ]
        ]
      }
    },
    {
      "type": "Feature",
      "properties": {
        "id": "EXISTING-019",
        "cluster_id": "EXISTING-019",
        "name": "Khonoma Tola",
        "block": "Dima Hasao",
        "district": "Dima Hasao",
        "state": "Assam",
        "households": 7,
        "priority_score": 0.957,
        "area_ha": 15.56,
        "algorithm": "existing",
        "status": "pending",
        "flagged_reason": null,
        "batch_id": "synthetic-v1"
      },
      "geometry": {
        "type": "Polygon",
        "coordinates": [
          [
            [
              92.6819643586205,
              25.20664612276726
            ],
            [
              92.68194634172181,
              25.206605449395948
            ],
            [
              92.68192440079744,
              25.206566751494066
            ],
            [
              92.68189874983652,
              25.20653040648098
            ],
            [
              92.68186963901202,
              25.206496768828426
            ],
            [
              92.68183735224088,
              25.20646616660332
            ],
            [
              92.68180220441491,
              25.206438898268175
            ],
            [
              92.6817645383297,
              25.206415229770165
            ],
            [
              92.68172472134138,
              25.20639539194738
            ],
            [
              92.68168314178371,
              25.206379578277463
            ],
            [
              92.68164020518076,
              25.206367942990617
            ],
            [
              92.68159633029184,
              25.20636059956541
            ],
            [
              92.68155194502728,
              25.206357619622036
            ],
            [
              92.68150748227512,
              25.206359032223784
            ],
            [
              92.68146337567916,
              25.20636482359359
            ],
            [
              92.68142005540955,
              25.206374937248416
            ],
            [
              92.68137794396749,
              25.206389274550116
            ],
            [
              92.6813374520645,
              25.20640769566746
            ],
            [
              92.68129897461678,
              25.206430020939884
            ],
            [
              92.6812628868936,
              25.20645603262974
            ],
            [
              92.68122954085739,
              25.206485477045867
            ],
            [
              92.68119926173092,
              25.206518067017832
            ],
            [
              92.67919426173093,
              25.208902067017835
            ],
            [
              92.67916954919119,
              25.20893429530821
            ],
            [
              92.6791478398308,
              25.208968618419863
            ],
            [
              92.67912931012013,
              25.209004757348232
            ],
            [
              92.67911411068285,
              25.209042418328405
            ],
            [
              92.67841811068284,
              25.211019418328405
            ],
            [
              92.67840574572928,
              25.211060767329098
            ],
            [
              92.67839739468039,
              25.21110310988355
            ],
            [
              92.67839313419708,
              25.21114605729577
            ],
            [
              92.67839300338973,
              25.211189215317326
            ],
            [
              92.67839700345911,
              25.211232187766402
            ],
            [
              92.6784050976854,
              25.211274580164726
            ],
            [
              92.67841721176528,
              25.211316003358753
            ],
            [
              92.67843323449397,
              25.211356077092052
            ],
            [
              92.67845301878607,
              25.211394433495958
            ],
            [
              92.67917501878607,
              25.212643433495955
            ],
            [
              92.67919873797938,
              25.21268021697231
            ],
            [
              92.67922591503874,
              25.21271452486803
            ],
            [
              92.67925629338654,
              25.212746033283555
            ],
            [
              92.67928958622194,
              25.212774444749112
            ],
            [
              92.67932547922852,
              25.212799491033113
            ],
            [
              92.67936363354177,
              25.212820935674532
            ],
            [
              92.67940368894821,
              25.212838576215308
            ],
            [
              92.67944526728627,
              25.212852246111755
            ],
            [
              92.67948797601639,
              25.212861816306887
            ],
            [
              92.67953141192707,
              25.212867196448858
            ],
            [
              92.6795751649415,
              25.212868335743945
            ],
            [
              92.67961882198908,
              25.212865223436104
            ],
            [
              92.67966197090529,
              25.21285788890852
            ],
            [
              92.67970420432279,
              25.212846401406193
            ],
            [
              92.67974512351749,
              25.2128308693822
            ],
            [
              92.6797843421728,
              25.2128114394738
            ],
            [
              92.67982149002684,
              25.212788295118035
            ],
            [
              92.67985621636812,
              25.212761654819904
            ],
            [
              92.67988819334657,
              25.21273177008946
            ],
            [
              92.67991711906872,
              25.21269892306733
            ],
            [
              92.67994272044788,
              25.212663423861017
            ],
            [
              92.68254172044789,
              25.20866342386102
            ],
            [
              92.68256316791877,
              25.208626735672404
            ],
            [
              92.68258106248578,
              25.208588189574506
            ],
            [
              92.68259524487338,
              25.20854812865748
            ],
            [
              92.68260558884734,
              25.208506909494535
            ],
            [
              92.68261200233827,
              25.20846489896817
            ],
            [
              92.68261442826113,
              25.20842247100464
            ],
            [
              92.68261284502334,
              25.208380003245697
            ],
            [
              92.68260726671691,
              25.208337873687324
            ],
            [
              92.68259774299314,
              25.208296457315242
            ],
            [
              92.6825843586205,
              25.208256122767263
            ],
            [
              92.6819643586205,
              25.20664612276726
            ]
          ]
        ]
      }
    },
    {
      "type": "Feature",
      "properties": {
        "id": "EXISTING-020",
        "cluster_id": "EXISTING-020",
        "name": "Rengpang",
        "block": "Dima Hasao",
        "district": "Dima Hasao",
        "state": "Assam",
        "households": 2,
        "priority_score": 0.377,
        "area_ha": 2.76,
        "algorithm": "existing",
        "status": "pending",
        "flagged_reason": null,
        "batch_id": "synthetic-v1"
      },
      "geometry": {
        "type": "Polygon",
        "coordinates": [
          [
            [
              92.82966774249122,
              25.17908258591575
            ],
            [
              92.82963931379855,
              25.17904873475092
            ],
            [
              92.82960770400344,
              25.179017833087862
            ],
            [
              92.82957321752546,
              25.178990178526476
            ],
            [
              92.8295361864883,
              25.178966037395316
            ],
            [
              92.82949696752105,
              25.17894564218667
            ],
            [
              92.82945593832383,
              25.17892918931754
            ],
            [
              92.82941349403022,
              25.178916837238052
            ],
            [
              92.82937004340198,
              25.17890870490549
            ],
            [
              92.82932600489241,
              25.178904870638657
            ],
            [
              92.82928180261642,
              25.178905371363637
            ],
            [
              92.82923786226611,
              25.17891020225818
            ],
            [
              92.82919460701108,
              25.178919316798126
            ],
            [
              92.82915245342303,
              25.178932627205477
            ],
            [
              92.82911180746413,
              25.17895000529373
            ],
            [
              92.82907306057713,
              25.178971283702396
            ],
            [
              92.82903658591574,
              25.17899625750877
            ],
            [
              92.82900273475092,
              25.179024686201444
            ],
            [
              92.82897183308785,
              25.179056295996567
            ],
            [
              92.82894417852647,
              25.17909078247453
            ],
            [
              92.8289200373953,
              25.1791278135117
            ],
            [
              92.82889964218666,
              25.17916703247894
            ],
            [
              92.82888318931754,
              25.179208061676167
            ],
            [
              92.82887083723804,
              25.179250505969776
            ],
            [
              92.82886270490549,
              25.179293956598016
            ],
            [
              92.82885887063865,
              25.179337995107588
            ],
            [
              92.82885937136363,
              25.17938219738357
            ],
            [
              92.82886420225817,
              25.17942613773388
            ],
            [
              92.82887331679812,
              25.179469392988928
            ],
            [
              92.82888662720546,
              25.179511546576958
            ],
            [
              92.82890400529372,
              25.179552192535873
            ],
            [
              92.82892528370239,
              25.17959093942287
            ],
            [
              92.82895025750877,
              25.17962741408425
            ],
            [
              92.83022825750876,
              25.18131041408425
            ],
            [
              92.83025668620144,
              25.18134426524908
            ],
            [
              92.83028829599655,
              25.18137516691214
            ],
            [
              92.83032278247452,
              25.181402821473526
            ],
            [
              92.83035981351169,
              25.181426962604686
            ],
            [
              92.83039903247894,
              25.181447357813333
            ],
            [
              92.83044006167616,
              25.181463810682462
            ],
            [
              92.83048250596977,
              25.18147616276195
            ],
            [
              92.83052595659801,
              25.181484295094513
            ],
            [
              92.83056999510758,
              25.181488129361345
            ],
            [
              92.83061419738357,
              25.181487628636365
            ],
            [
              92.83065813773388,
              25.181482797741822
            ],
            [
              92.83070139298891,
              25.181473683201876
            ],
            [
              92.83074354657695,
              25.181460372794525
            ],
            [
              92.83078419253586,
              25.181442994706273
            ],
            [
              92.83082293942286,
              25.181421716297606
            ],
            [
              92.83085941408424,
              25.18139674249123
            ],
            [
              92.83089326524907,
              25.181368313798558
            ],
            [
              92.83092416691214,
              25.181336704003435
            ],
            [
              92.83095182147352,
              25.181302217525474
            ],
            [
              92.83097596260468,
              25.181265186488304
            ],
            [
              92.83099635781333,
              25.181225967521062
            ],
            [
              92.83101281068245,
              25.181184938323835
            ],
            [
              92.83102516276195,
              25.181142494030226
            ],
            [
              92.8310332950945,
              25.181099043401986
            ],
            [
              92.83103712936133,
              25.181055004892414
            ],
            [
              92.83103662863635,
              25.18101080261643
            ],
            [
              92.83103179774182,
              25.18096686226612
            ],
            [
              92.83102268320187,
              25.180923607011074
            ],
            [
              92.83100937279453,
              25.180881453423044
            ],
            [
              92.83099199470627,
              25.18084080746413
            ],
            [
              92.8309707162976,
              25.180802060577133
            ],
            [
              92.83094574249122,
              25.18076558591575
            ],
            [
              92.82966774249122,
              25.17908258591575
            ]
          ]
        ]
      }
    },
    {
      "type": "Feature",
      "properties": {
        "id": "EXISTING-021",
        "cluster_id": "EXISTING-021",
        "name": "Haflong Fringe",
        "block": "Dima Hasao",
        "district": "Dima Hasao",
        "state": "Assam",
        "households": 7,
        "priority_score": 0.687,
        "area_ha": 13.76,
        "algorithm": "existing",
        "status": "pending",
        "flagged_reason": null,
        "batch_id": "synthetic-v1"
      },
      "geometry": {
        "type": "Polygon",
        "coordinates": [
          [
            [
              92.79255397171255,
              25.32872509911694
            ],
            [
              92.79257671484312,
              25.328687361059142
            ],
            [
              92.79259566218626,
              25.32864758155208
            ],
            [
              92.79261063245285,
              25.328606141208052
            ],
            [
              92.79262148240662,
              25.32856343653035
            ],
            [
              92.79262810823467,
              25.328519876119458
            ],
            [
              92.79263044654074,
              25.328475876763562
            ],
            [
              92.79262847495183,
              25.3284318594507
            ],
            [
              92.79262221233218,
              25.328388245340715
            ],
            [
              92.79261171860283,
              25.328345451735597
            ],
            [
              92.79259709416834,
              25.32830388808669
            ],
            [
              92.79257847895602,
              25.32826395207707
            ],
            [
              92.79255605107713,
              25.328226025816466
            ],
            [
              92.79253002512276,
              25.328190472185234
            ],
            [
              92.79250065011054,
              25.328157631362295
            ],
            [
              92.79246820710205,
              25.328127817570284
            ],
            [
              92.79243300651359,
              25.32810131606905
            ],
            [
              92.7923953851462,
              25.32807838042628
            ],
            [
              92.79235570296295,
              25.328059230091352
            ],
            [
              92.79231433964499,
              25.328044048295624
            ],
            [
              92.79227169095859,
              25.32803298029928
            ],
            [
              92.79222816496852,
              25.328026132001458
            ],
            [
              92.79218417813362,
              25.328023568927016
            ],
            [
              92.79214015132214,
              25.328025315599575
            ],
            [
              92.7920965057848,
              25.32803135530689
            ],
            [
              92.79205365912428,
              25.328041630260735
            ],
            [
              92.78903865912427,
              25.328922630260735
            ],
            [
              92.7889979263271,
              25.32893667955329
            ],
            [
              92.78895872221868,
              25.328954556389427
            ],
            [
              92.78575172221868,
              25.330606556389426
            ],
            [
              92.78571363118192,
              25.330628596129692
            ],
            [
              92.78567787257712,
              25.330654247628974
            ],
            [
              92.78564478771015,
              25.33068326605089
            ],
            [
              92.78561469236682,
              25.330715374422727
            ],
            [
              92.78558787379875,
              25.330750266279065
            ],
            [
              92.78556458798165,
              25.330787608586906
            ],
            [
              92.78554505717216,
              25.330827044924366
            ],
            [
              92.78552946778635,
              25.33086819888265
            ],
            [
              92.78551796862055,
              25.33091067765875
            ],
            [
              92.78551066943112,
              25.33095407580463
            ],
            [
              92.78550763988673,
              25.330997979097138
            ],
            [
              92.78550890890355,
              25.33104196849164
            ],
            [
              92.78551446436919,
              25.33108562412168
            ],
            [
              92.78552425325825,
              25.331128529306486
            ],
            [
              92.78553818213855,
              25.33117027452808
            ],
            [
              92.78555611806281,
              25.33121046134001
            ],
            [
              92.78557788983767,
              25.331248706170403
            ],
            [
              92.78560328965763,
              25.33128464398306
            ],
            [
              92.78563207508851,
              25.33131793176162
            ],
            [
              92.78566397138144,
              25.331348251783552
            ],
            [
              92.78569867409522,
              25.33137531465274
            ],
            [
              92.78573585200216,
              25.331398862061665
            ],
            [
              92.78577515024958,
              25.331418669256905
            ],
            [
              92.78581619374665,
              25.331434547184326
            ],
            [
              92.78585859074474,
              25.331446344293557
            ],
            [
              92.78590193657634,
              25.33145394798449
            ],
            [
              92.78594581751761,
              25.33145728568202
            ],
            [
              92.78598981473728,
              25.331456325528766
            ],
            [
              92.78988781473728,
              25.331180325528766
            ],
            [
              92.78993115146113,
              25.33117513721551
            ],
            [
              92.78997378262143,
              25.331165779096093
            ],
            [
              92.79001530797326,
              25.33115233902972
            ],
            [
              92.7900553376536,
              25.331134943199185
            ],
            [
              92.79009349584165,
              25.33111375492618
            ],
            [
              92.79147949584164,
              25.33025375492618
            ],
            [
              92.79151867200471,
              25.330226469000216
            ],
            [
              92.79155474023642,
              25.330195189994953
            ],
            [
              92.79158729537258,
              25.330160269275904
            ],
            [
              92.79161597171255,
              25.33012209911694
            ],
            [
              92.79255397171255,
              25.32872509911694
            ]
          ]
        ]
      }
    },
    {
      "type": "Feature",
      "properties": {
        "id": "EXISTING-022",
        "cluster_id": "EXISTING-022",
        "name": "Maibang Hamlet",
        "block": "Dima Hasao",
        "district": "Dima Hasao",
        "state": "Assam",
        "households": 5,
        "priority_score": 0.829,
        "area_ha": 5.25,
        "algorithm": "existing",
        "status": "pending",
        "flagged_reason": null,
        "batch_id": "synthetic-v1"
      },
      "geometry": {
        "type": "Polygon",
        "coordinates": [
          [
            [
              92.9122038431921,
              25.26887171084748
            ],
            [
              92.91217708565411,
              25.268835316290588
            ],
            [
              92.91214681752014,
              25.268801784668554
            ],
            [
              92.91211334318305,
              25.268771453193683
            ],
            [
              92.9120769992791,
              25.268744626895845
            ],
            [
              92.9120381513024,
              25.26872157555495
            ],
            [
              92.91199718992942,
              25.268702530987866
            ],
            [
              92.91195452709013,
              25.26868768471716
            ],
            [
              92.9119105918253,
              25.268677186045046
            ],
            [
              92.91186582597199,
              25.268671140551895
            ],
            [
              92.91182067972004,
              25.268669609034493
            ],
            [
              92.91177560708482,
              25.26867260689461
            ],
            [
              92.91173106134137,
              25.268680103984135
            ],
            [
              92.91168749046601,
              25.268692024908237
            ],
            [
              92.91164533263127,
              25.268708249783593
            ],
            [
              92.90944533263126,
              25.26968424978359
            ],
            [
              92.90940600783935,
              25.269704049634615
            ],
            [
              92.90936880386556,
              25.269727594011712
            ],
            [
              92.90933407614072,
              25.269754657981984
            ],
            [
              92.90930215643867,
              25.269784982987833
            ],
            [
              92.90927334970658,
              25.269818279317136
            ],
            [
              92.90924793115164,
              25.269854228871004
            ],
            [
              92.90922614361183,
              25.26989248820279
            ],
            [
              92.90920819523602,
              25.2699326917992
            ],
            [
              92.90919425749527,
              25.269974455572285
            ],
            [
              92.90918446354483,
              25.27001738052882
            ],
            [
              92.9091789069519,
              25.270061056582144
            ],
            [
              92.90917764080176,
              25.27010506646993
            ],
            [
              92.9091806771907,
              25.27014898974054
            ],
            [
              92.90918798711037,
              25.270192406769844
            ],
            [
              92.9091995007249,
              25.270234902770124
            ],
            [
              92.90921510803814,
              25.270276071752768
            ],
            [
              92.90923465994452,
              25.270315520406943
            ],
            [
              92.90925796965347,
              25.27035287185708
            ],
            [
              92.90928481447402,
              25.27038776926341
            ],
            [
              92.90931493794224,
              25.27041987923105
            ],
            [
              92.9093480522714,
              25.270448894995095
            ],
            [
              92.90938384110137,
              25.270474539351365
            ],
            [
              92.90942196252098,
              25.270496567304647
            ],
            [
              92.9094620523345,
              25.2705147684093
            ],
            [
              92.90950372754102,
              25.27052896877976
            ],
            [
              92.90954658999343,
              25.27053903275177
            ],
            [
              92.9095902302022,
              25.270544864178436
            ],
            [
              92.90963423124747,
              25.270546407348814
            ],
            [
              92.91245323124747,
              25.270507407348816
            ],
            [
              92.91249696068152,
              25.270504671239433
            ],
            [
              92.91254021742286,
              25.270497699580655
            ],
            [
              92.9125825922067,
              25.2704865583334
            ],
            [
              92.91262368411277,
              25.270471352908288
            ],
            [
              92.91266310435843,
              25.270452227168324
            ],
            [
              92.91270047997713,
              25.270429362067762
            ],
            [
              92.91273545734714,
              25.27040297394005
            ],
            [
              92.91276770553726,
              25.27037331245104
            ],
            [
              92.91279691943788,
              25.2703406582368
            ],
            [
              92.91282282264768,
              25.27030532024847
            ],
            [
              92.91284517008877,
              25.270267632829167
            ],
            [
              92.91286375032541,
              25.270227952550655
            ],
            [
              92.91287838756455,
              25.27018665483973
            ],
            [
              92.91288894331892,
              25.270144130426196
            ],
            [
              92.91289531771746,
              25.270100781646047
            ],
            [
              92.91289745045006,
              25.27005701863486
            ],
            [
              92.91289532133835,
              25.270013255447356
            ],
            [
              92.91288895052648,
              25.26996990613995
            ],
            [
              92.91287839829054,
              25.26992738085319
            ],
            [
              92.9128637644684,
              25.26988608193134
            ],
            [
              92.9128451875149,
              25.269846400115657
            ],
            [
              92.9128228431921,
              25.26980871084748
            ],
            [
              92.9122038431921,
              25.26887171084748
            ]
          ]
        ]
      }
    },
    {
      "type": "Feature",
      "properties": {
        "id": "EXISTING-023",
        "cluster_id": "EXISTING-023",
        "name": "Borlangfer",
        "block": "Dima Hasao",
        "district": "Dima Hasao",
        "state": "Assam",
        "households": 5,
        "priority_score": 0.479,
        "area_ha": 4.28,
        "algorithm": "existing",
        "status": "pending",
        "flagged_reason": null,
        "batch_id": "synthetic-v1"
      },
      "geometry": {
        "type": "Polygon",
        "coordinates": [
          [
            [
              92.62066889961142,
              25.437428338343643
            ],
            [
              92.62065316717224,
              25.437386560606082
            ],
            [
              92.62063337670668,
              25.437346545278128
            ],
            [
              92.62060972259182,
              25.4373086853805
            ],
            [
              92.62058243715256,
              25.437273352763803
            ],
            [
              92.62055178837979,
              25.437240894456306
            ],
            [
              92.6205180772982,
              25.43721162925553
            ],
            [
              92.62048163500975,
              25.437185844597078
            ],
            [
              92.62044281944165,
              25.437163793731532
            ],
            [
              92.62040201183086,
              25.437145693237063
            ],
            [
              92.62035961297971,
              25.43713172089229
            ],
            [
              92.62031603931926,
              25.437122013930132
            ],
            [
              92.62027171881932,
              25.43711666769
            ],
            [
              92.62022708678495,
              25.437115734681342
            ],
            [
              92.62018258158099,
              25.43711922406794
            ],
            [
              92.62013864032663,
              25.437127101577897
            ],
            [
              92.62009569460206,
              25.43713928984025
            ],
            [
              92.62005416620961,
              25.43715566914488
            ],
            [
              92.62001446303098,
              25.437176078618283
            ],
            [
              92.619976975021,
              25.437200317803633
            ],
            [
              92.6199420703777,
              25.437228148629607
            ],
            [
              92.61991009192592,
              25.437259297748678
            ],
            [
              92.6198813537501,
              25.437293459221856
            ],
            [
              92.6198561381096,
              25.43733029752355
            ],
            [
              92.61983469266619,
              25.437369450837014
            ],
            [
              92.61981722805176,
              25.437410534608038
            ],
            [
              92.61980391579948,
              25.437453145321914
            ],
            [
              92.61979488665898,
              25.437496864466695
            ],
            [
              92.61963288665899,
              25.438539864466694
            ],
            [
              92.619628173017,
              25.438585308362644
            ],
            [
              92.61962808691392,
              25.438630995983356
            ],
            [
              92.61963262923551,
              25.438676457323133
            ],
            [
              92.6196417532532,
              25.438721224704125
            ],
            [
              92.61965536510482,
              25.438764837587495
            ],
            [
              92.61967332476011,
              25.438806847311145
            ],
            [
              92.6196954474614,
              25.438846821705297
            ],
            [
              92.62072244746139,
              25.440498821705297
            ],
            [
              92.62074806298544,
              25.440535775501008
            ],
            [
              92.62077723500636,
              25.440569991451756
            ],
            [
              92.62080967285604,
              25.44060112863207
            ],
            [
              92.6208450533259,
              25.440628876793145
            ],
            [
              92.62088302388726,
              25.44065295945413
            ],
            [
              92.62092320620395,
              25.440673136656986
            ],
            [
              92.62096519990205,
              25.440689207357387
            ],
            [
              92.62100858655907,
              25.44070101142794
            ],
            [
              92.62105293387327,
              25.440708431253668
            ],
            [
              92.62109779997091,
              25.44071139290391
            ],
            [
              92.62114273780917,
              25.440709866868982
            ],
            [
              92.62118729963039,
              25.440703868354195
            ],
            [
              92.62123104142353,
              25.440693457128358
            ],
            [
              92.62127352734824,
              25.44067873692823
            ],
            [
              92.62131433407757,
              25.440659854424922
            ],
            [
              92.62135305501597,
              25.440636997762446
            ],
            [
              92.62138930435056,
              25.44061039468308
            ],
            [
              92.62142272089537,
              25.440580310258152
            ],
            [
              92.62145297169013,
              25.440547044246884
            ],
            [
              92.62147975531795,
              25.440510928109617
            ],
            [
              92.62150280490852,
              25.440472321705162
            ],
            [
              92.62152189079723,
              25.440431609705183
            ],
            [
              92.62153682281354,
              25.44038919776136
            ],
            [
              92.62154745217585,
              25.440345508463505
            ],
            [
              92.62155367297386,
              25.440300977128896
            ],
            [
              92.62155542322398,
              25.44025604746481
            ],
            [
              92.62155268548683,
              25.440211167147464
            ],
            [
              92.62154548704103,
              25.440166783361366
            ],
            [
              92.62153389961142,
              25.440123338343643
            ],
            [
              92.62066889961142,
              25.437428338343643
            ]
          ]
        ]
      }
    }
  ]
}