{
  "type": "FeatureCollection",
  "features": [
    {
      "type": "Feature",
      "properties": {
        "id": "PT-001",
        "HAB_ID": "18080001",
        "HAB_NAME": "Longmisa",
        "BLOCK_ID": 180803,
        "ROAD_CONN": false,
        "confidence": 0.885,
        "lat": 25.117653,
        "lon": 92.614406
      },
      "geometry": {
        "type": "Point",
        "coordinates": [
          92.614406,
          25.117653
        ]
      }
    },
    {
      "type": "Feature",
      "properties": {
        "id": "PT-002",
        "HAB_ID": "18080001",
        "HAB_NAME": "Longmisa",
        "BLOCK_ID": 180803,
        "ROAD_CONN": false,
        "confidence": 0.845,
        "lat": 25.117551,
        "lon": 92.614373
      },
      "geometry": {
        "type": "Point",
        "coordinates": [
          92.614373,
          25.117551
        ]
      }
    },
    {
      "type": "Feature",
      "properties": {
        "id": "PT-003",
        "HAB_ID": "18080001",
        "HAB_NAME": "Longmisa",
        "BLOCK_ID": 180803,
        "ROAD_CONN": false,
        "confidence": 0.816,
        "lat": 25.118306,
        "lon": 92.613352
      },
      "geometry": {
        "type": "Point",
        "coordinates": [
          92.613352,
          25.118306
        ]
      }
    },
    {
      "type": "Feature",
      "properties": {
        "id": "PT-004",
        "HAB_ID": "18080001",
        "HAB_NAME": "Longmisa",
        "BLOCK_ID": 180803,
        "ROAD_CONN": false,
        "confidence": 0.864,
        "lat": 25.11609,
        "lon": 92.61397
      },
      "geometry": {
        "type": "Point",
        "coordinates": [
          92.61397,
          25.11609
        ]
      }
    },
    {
      "type": "Feature",
      "properties": {
        "id": "PT-005",
        "HAB_ID": "18080001",
        "HAB_NAME": "Longmisa",
        "BLOCK_ID": 180803,
        "ROAD_CONN": false,
        "confidence": 0.882,
        "lat": 25.116982,
        "lon": 92.615031
      },
      "geometry": {
        "type": "Point",
        "coordinates": [
          92.615031,
          25.116982
        ]
      }
    },
    {
      "type": "Feature",
      "properties": {
        "id": "PT-006",
        "HAB_ID": "18080001",
        "HAB_NAME": "Longmisa",
        "BLOCK_ID": 180803,
        "ROAD_CONN": false,
        "confidence": 0.87,
        "lat": 25.117531,
        "lon": 92.613145
      },
      "geometry": {
        "type": "Point",
        "coordinates": [
          92.613145,
          25.117531
        ]
      }
    },
    {
      "type": "Feature",
      "properties": {
        "id": "PT-007",
        "HAB_ID": "18080001",
        "HAB_NAME": "Longmisa",
        "BLOCK_ID": 180803,
        "ROAD_CONN": false,
        "confidence": 0.881,
        "lat": 25.117735,
        "lon": 92.61451
      },
      "geometry": {
        "type": "Point",
        "coordinates": [
          92.61451,
          25.117735
        ]
      }
    },
    {
      "type": "Feature",
      "properties": {
        "id": "PT-008",
        "HAB_ID": "18080001",
        "HAB_NAME": "Longmisa",
        "BLOCK_ID": 180803,
        "ROAD_CONN": false,
        "confidence": 0.84,
        "lat": 25.118185,
        "lon": 92.613997
      },
      "geometry": {
        "type": "Point",
        "coordinates": [
          92.613997,
          25.118185
        ]
      }
    },
    {
      "type": "Feature",
      "properties": {
        "id": "PT-009",
        "HAB_ID": "18080001",
        "HAB_NAME": "Longmisa",
        "BLOCK_ID": 180803,
        "ROAD_CONN": false,
        "confidence": 0.858,
        "lat": 25.119344,
        "lon": 92.613321
      },
      "geometry": {
        "type": "Point",
        "coordinates": [
          92.613321,
          25.119344
        ]
      }
    },
    {
      "type": "Feature",
      "properties": {
        "id": "PT-010",
        "HAB_ID": "18080001",
        "HAB_NAME": "Longmisa",
        "BLOCK_ID": 180803,
        "ROAD_CONN": false,
        "confidence": 0.849,
        "lat": 25.117285,
        "lon": 92.614783
      },
      "geometry": {
        "type": "Point",
        "coordinates": [
          92.614783,
          25.117285
        ]
      }
    },
    {
      "type": "Feature",
      "properties": {
        "id": "PT-011",
        "HAB_ID": "18080001",
        "HAB_NAME": "Longmisa",
        "BLOCK_ID": 180803,
        "ROAD_CONN": false,
        "confidence": 0.845,
        "lat": 25.119353,
        "lon": 92.611827
      },
      "geometry": {
        "type": "Point",
        "coordinates": [
          92.611827,
          25.119353
        ]
      }
    },
    {
      "type": "Feature",
      "properties": {
        "id": "PT-012",
        "HAB_ID": "18080001",
        "HAB_NAME": "Longmisa",
        "BLOCK_ID": 180803,
        "ROAD_CONN": false,
        "confidence": 0.876,
        "lat": 25.118718,
        "lon": 92.613327
      },
      "geometry": {
        "type": "Point",
        "coordinates": [
          92.613327,
          25.118718
        ]
      }
    },
    {
      "type": "Feature",
      "properties": {
        "id": "PT-013",
        "HAB_ID": "18080001",
        "HAB_NAME": "Longmisa",
        "BLOCK_ID": 180803,
        "ROAD_CONN": false,
        "confidence": 0.878,
        "lat": 25.118799,
        "lon": 92.613118
      },
      "geometry": {
        "type": "Point",
        "coordinates": [
          92.613118,
          25.118799
        ]
      }
    },
    {
      "type": "Feature",
      "properties": {
        "id": "PT-014",
        "HAB_ID": "18080001",
        "HAB_NAME": "Longmisa",
        "BLOCK_ID": 180803,
        "ROAD_CONN": false,
        "confidence": 0.773,
        "lat": 25.119931,
        "lon": 92.612952
      },
      "geometry": {
        "type": "Point",
        "coordinates": [
          92.612952,
          25.119931
        ]
      }
    },
    {
      "type": "Feature",
      "properties": {
        "id": "PT-015",
        "HAB_ID": "18080001",
        "HAB_NAME": "Longmisa",
        "BLOCK_ID": 180803,
        "ROAD_CONN": false,
        "confidence": 0.922,
        "lat": 25.117495,
        "lon": 92.613908
      },
      "geometry": {
        "type": "Point",
        "coordinates": [
          92.613908,
          25.117495
        ]
      }
    },
    {
      "type": "Feature",
      "properties": {
        "id": "PT-016",
        "HAB_ID": "18080001",
        "HAB_NAME": "Longmisa",
        "BLOCK_ID": 180803,
        "ROAD_CONN": false,
        "confidence": 0.908,
        "lat": 25.117779,
        "lon": 92.613397
      },
      "geometry": {
        "type": "Point",
        "coordinates": [
          92.613397,
          25.117779
        ]
      }
    },
    {
      "type": "Feature",
      "properties": {
        "id": "PT-017",
        "HAB_ID": "18080001",
        "HAB_NAME": "Longmisa",
        "BLOCK_ID": 180803,
        "ROAD_CONN": false,
        "confidence": 0.818,
        "lat": 25.116636,
        "lon": 92.615129
      },
      "geometry": {
        "type": "Point",
        "coordinates": [
          92.615129,
          25.116636
        ]
      }
    },
    {
      "type": "Feature",
      "properties": {
        "id": "PT-018",
        "HAB_ID": "18080001",
        "HAB_NAME": "Longmisa",
        "BLOCK_ID": 180803,
        "ROAD_CONN": false,
        "confidence": 0.834,
        "lat": 25.118848,
        "lon": 92.612977
      },
      "geometry": {
        "type": "Point",
        "coordinates": [
          92.612977,
          25.118848
        ]
      }
    },
    {
      "type": "Feature",
      "properties": {
        "id": "PT-019",
        "HAB_ID": "18080001",
        "HAB_NAME": "Longmisa",
        "BLOCK_ID": 180803,
        "ROAD_CONN": false,
        "confidence": 0.913,
        "lat": 25.119391,
        "lon": 92.612424
      },
      "geometry": {
        "type": "Point",
        "coordinates": [
          92.612424,
          25.119391
        ]
      }
    },
    {
      "type": "Feature",
      "properties": {
        "id": "PT-020",
        "HAB_ID": "18080001",
        "HAB_NAME": "Longmisa",
        "BLOCK_ID": 180803,
        "ROAD_CONN": false,
        "confidence": 0.818,
        "lat": 25.113944,
        "lon": 92.616535
      },
      "geometry": {
        "type": "Point",
        "coordinates": [
          92.616535,
          25.113944
        ]
      }
    },
    {
      "type": "Feature",
      "properties": {
        "id": "PT-021",
        "HAB_ID": "18080001",
        "HAB_NAME": "Longmisa",
        "BLOCK_ID": 180803,
        "ROAD_CONN": false,
        "confidence": 0.889,
        "lat": 25.118616,
        "lon": 92.613149
      },
      "geometry": {
        "type": "Point",
        "coordinates": [
          92.613149,
          25.118616
        ]
      }
    },
    {
      "type": "Feature",
      "properties": {
        "id": "PT-022",
        "HAB_ID": "18080001",
        "HAB_NAME": "Longmisa",
        "BLOCK_ID": 180803,
        "ROAD_CONN": false,
        "confidence": 0.836,
        "lat": 25.1173,
        "lon": 92.614011
      },
      "geometry": {
        "type": "Point",
        "coordinates": [
          92.614011,
          25.1173
        ]
      }
    },
    {
      "type": "Feature",
      "properties": {
        "id": "PT-023",
        "HAB_ID": "18080001",
        "HAB_NAME": "Longmisa",
        "BLOCK_ID": 180803,
        "ROAD_CONN": false,
        "confidence": 0.829,
        "lat": 25.118348,
        "lon": 92.614973
      },
      "geometry": {
        "type": "Point",
        "coordinates": [
          92.614973,
          25.118348
        ]
      }
    },
    {
      "type": "Feature",
      "properties": {
        "id": "PT-024",
        "HAB_ID": "18080001",
        "HAB_NAME": "Longmisa",
        "BLOCK_ID": 180803,
        "ROAD_CONN": false,
        "confidence": 0.803,
        "lat": 25.119185,
        "lon": 92.612553
      },
      "geometry": {
        "type": "Point",
        "coordinates": [
          92.612553,
          25.119185
        ]
      }
    },
    {
      "type": "Feature",
      "properties": {
        "id": "PT-025",
        "HAB_ID": "18080001",
        "HAB_NAME": "Longmisa",
        "BLOCK_ID": 180803,
        "ROAD_CONN": false,
        "confidence": 0.839,
        "lat": 25.116477,
        "lon": 92.61442
      },
      "geometry": {
        "type": "Point",
        "coordinates": [
          92.61442,
          25.116477
        ]
      }
    },
    {
      "type": "Feature",
      "properties": {
        "id": "PT-026",
        "HAB_ID": "18080001",
        "HAB_NAME": "Longmisa",
        "BLOCK_ID": 180803,
        "ROAD_CONN": false,
        "confidence": 0.808,
        "lat": 25.117552,
        "lon": 92.613779
      },
      "geometry": {
        "type": "Point",
        "coordinates": [
          92.613779,
          25.117552
        ]
      }
    },
    {
      "type": "Feature",
      "properties": {
        "id": "PT-027",
        "HAB_ID": "18080001",
        "HAB_NAME": "Longmisa",
        "BLOCK_ID": 180803,
        "ROAD_CONN": false,
        "confidence": 0.834,
        "lat": 25.119382,
        "lon": 92.613344
      },
      "geometry": {
        "type": "Point",
        "coordinates": [
          92.613344,
          25.119382
        ]
      }
    },
    {
      "type": "Feature",
      "properties": {
        "id": "PT-028",
        "HAB_ID": "18080001",
        "HAB_NAME": "Longmisa",
        "BLOCK_ID": 180803,
        "ROAD_CONN": false,
        "confidence": 0.895,
        "lat": 25.117653,
        "lon": 92.615021
      },
      "geometry": {
        "type": "Point",
        "coordinates": [
          92.615021,
          25.117653
        ]
      }
    },
    {
      "type": "Feature",
      "properties": {
        "id": "PT-029",
        "HAB_ID": "18080001",
        "HAB_NAME": "Longmisa",
        "BLOCK_ID": 180803,
        "ROAD_CONN": false,
        "confidence": 0.793,
        "lat": 25.117445,
        "lon": 92.61525
      },
      "geometry": {
        "type": "Point",
        "coordinates": [
          92.61525,
          25.117445
        ]
      }
    },
    {
      "type": "Feature",
      "properties": {
        "id": "PT-030",
        "HAB_ID": "18080001",
        "HAB_NAME": "Longmisa",
        "BLOCK_ID": 180803,
        "ROAD_CONN": false,
        "confidence": 0.888,
        "lat": 25.116053,
        "lon": 92.616288
      },
      "geometry": {
        "type": "Point",
        "coordinates": [
          92.616288,
          25.116053
        ]
      }
    },
    {
      "type": "Feature",
      "properties": {
        "id": "PT-031",
        "HAB_ID": "18080001",
        "HAB_NAME": "Longmisa",
        "BLOCK_ID": 180803,
        "ROAD_CONN": false,
        "confidence": 0.841,
        "lat": 25.118833,
        "lon": 92.612819
      },
      "geometry": {
        "type": "Point",
        "coordinates": [
          92.612819,
          25.118833
        ]
      }
    },
    {
      "type": "Feature",
      "properties": {
        "id": "PT-032",
        "HAB_ID": "18080001",
        "HAB_NAME": "Longmisa",
        "BLOCK_ID": 180803,
        "ROAD_CONN": false,
        "confidence": 0.882,
        "lat": 25.118021,
        "lon": 92.614307
      },
      "geometry": {
        "type": "Point",
        "coordinates": [
          92.614307,
          25.118021
        ]
      }
    },
    {
      "type": "Feature",
      "properties": {
        "id": "PT-033",
        "HAB_ID": "18080001",
        "HAB_NAME": "Longmisa",
        "BLOCK_ID": 180803,
        "ROAD_CONN": false,
        "confidence": 0.79,
        "lat": 25.120144,
        "lon": 92.612311
      },
      "geometry": {
        "type": "Point",
        "coordinates": [
          92.612311,
          25.120144
        ]
      }
    },
    {
      "type": "Feature",
      "properties": {
        "id": "PT-034",
        "HAB_ID": "18080001",
        "HAB_NAME": "Longmisa",
        "BLOCK_ID": 180803,
        "ROAD_CONN": false,
        "confidence": 0.834,
        "lat": 25.118377,
        "lon": 92.614131
      },
      "geometry": {
        "type": "Point",
        "coordinates": [
          92.614131,
          25.118377
        ]
      }
    },
    {
      "type": "Feature",
      "properties": {
        "id": "PT-035",
        "HAB_ID": "18080001",
        "HAB_NAME": "Longmisa",
        "BLOCK_ID": 180803,
        "ROAD_CONN": false,
        "confidence": 0.844,
        "lat": 25.118532,
        "lon": 92.614409
      },
      "geometry": {
        "type": "Point",
        "coordinates": [
          92.614409,
          25.118532
        ]
      }
    },
    {
      "type": "Feature",
      "properties": {
        "id": "PT-036",
        "HAB_ID": "18080001",
        "HAB_NAME": "Longmisa",
        "BLOCK_ID": 180803,
        "ROAD_CONN": false,
        "confidence": 0.805,
        "lat": 25.118553,
        "lon": 92.613446
      },
      "geometry": {
        "type": "Point",
        "coordinates": [
          92.613446,
          25.118553
        ]
      }
    },
    {
      "type": "Feature",
      "properties": {
        "id": "PT-037",
        "HAB_ID": "18080001",
        "HAB_NAME": "Longmisa",
        "BLOCK_ID": 180803,
        "ROAD_CONN": false,
        "confidence": 0.821,
        "lat": 25.117867,
        "lon": 92.614591
      },
      "geometry": {
        "type": "Point",
        "coordinates": [
          92.614591,
          25.117867
        ]
      }
    },
    {
      "type": "Feature",
      "properties": {
        "id": "PT-038",
        "HAB_ID": "18080001",
        "HAB_NAME": "Longmisa",
        "BLOCK_ID": 180803,
        "ROAD_CONN": false,
        "confidence": 0.898,
        "lat": 25.117736,
        "lon": 92.613038
      },
      "geometry": {
        "type": "Point",
        "coordinates": [
          92.613038,
          25.117736
        ]
      }
    },
    {
      "type": "Feature",
      "properties": {
        "id": "PT-039",
        "HAB_ID": "18080001",
        "HAB_NAME": "Longmisa",
        "BLOCK_ID": 180803,
        "ROAD_CONN": false,
        "confidence": 0.803,
        "lat": 25.118447,
        "lon": 92.612906
      },
      "geometry": {
        "type": "Point",
        "coordinates": [
          92.612906,
          25.118447
        ]
      }
    },
    {
      "type": "Feature",
      "properties": {
        "id": "PT-040",
        "HAB_ID": "18080001",
        "HAB_NAME": "Longmisa",
        "BLOCK_ID": 180803,
        "ROAD_CONN": false,
        "confidence": 0.792,
        "lat": 25.117967,
        "lon": 92.613204
      },
      "geometry": {
        "type": "Point",
        "coordinates": [
          92.613204,
          25.117967
        ]
      }
    },
    {
      "type": "Feature",
      "properties": {
        "id": "PT-041",
        "HAB_ID": "18080001",
        "HAB_NAME": "Longmisa",
        "BLOCK_ID": 180803,
        "ROAD_CONN": false,
        "confidence": 0.941,
        "lat": 25.114918,
        "lon": 92.615016
      },
      "geometry": {
        "type": "Point",
        "coordinates": [
          92.615016,
          25.114918
        ]
      }
    },
    {
      "type": "Feature",
      "properties": {
        "id": "PT-042",
        "HAB_ID": "18080001",
        "HAB_NAME": "Longmisa",
        "BLOCK_ID": 180803,
        "ROAD_CONN": false,
        "confidence": 0.799,
        "lat": 25.119279,
        "lon": 92.613001
      },
      "geometry": {
        "type": "Point",
        "coordinates": [
          92.613001,
          25.119279
        ]
      }
    },
    {
      "type": "Feature",
      "properties": {
        "id": "PT-043",
        "HAB_ID": "18080001",
        "HAB_NAME": "Longmisa",
        "BLOCK_ID": 180803,
        "ROAD_CONN": false,
        "confidence": 0.849,
        "lat": 25.118186,
        "lon": 92.614347
      },
      "geometry": {
        "type": "Point",
        "coordinates": [
          92.614347,
          25.118186
        ]
      }
    },
    {
      "type": "Feature",
      "properties": {
        "id": "PT-044",
        "HAB_ID": "18080001",
        "HAB_NAME": "Longmisa",
        "BLOCK_ID": 180803,
        "ROAD_CONN": false,
        "confidence": 0.814,
        "lat": 25.119406,
        "lon": 92.612829
      },
      "geometry": {
        "type": "Point",
        "coordinates": [
          92.612829,
          25.119406
        ]
      }
    },
    {
      "type": "Feature",
      "properties": {
        "id": "PT-045",
        "HAB_ID": "18080001",
        "HAB_NAME": "Longmisa",
        "BLOCK_ID": 180803,
        "ROAD_CONN": false,
        "confidence": 0.852,
        "lat": 25.117427,
        "lon": 92.615012
      },
      "geometry": {
        "type": "Point",
        "coordinates": [
          92.615012,
          25.117427
        ]
      }
    },
    {
      "type": "Feature",
      "properties": {
        "id": "PT-046",
        "HAB_ID": "18080001",
        "HAB_NAME": "Longmisa",
        "BLOCK_ID": 180803,
        "ROAD_CONN": false,
        "confidence": 0.94,
        "lat": 25.117523,
        "lon": 92.613762
      },
      "geometry": {
        "type": "Point",
        "coordinates": [
          92.613762,
          25.117523
        ]
      }
    },
    {
      "type": "Feature",
      "properties": {
        "id": "PT-047",
        "HAB_ID": "18080001",
        "HAB_NAME": "Longmisa",
        "BLOCK_ID": 180803,
        "ROAD_CONN": false,
        "confidence": 0.88,
        "lat": 25.115726,
        "lon": 92.615467
      },
      "geometry": {
        "type": "Point",
        "coordinates": [
          92.615467,
          25.115726
        ]
      }
    },
    {
      "type": "Feature",
      "properties": {
        "id": "PT-048",
        "HAB_ID": "18080001",
        "HAB_NAME": "Longmisa",
        "BLOCK_ID": 180803,
        "ROAD_CONN": false,
        "confidence": 0.876,
        "lat": 25.117614,
        "lon": 92.614338
      },
      "geometry": {
        "type": "Point",
        "coordinates": [
          92.614338,
          25.117614
        ]
      }
    },
    {
      "type": "Feature",
      "properties": {
        "id": "PT-049",
        "HAB_ID": "18080001",
        "HAB_NAME": "Longmisa",
        "BLOCK_ID": 180803,
        "ROAD_CONN": false,
        "confidence": 0.83,
        "lat": 25.118995,
        "lon": 92.612987
      },
      "geometry": {
        "type": "Point",
        "coordinates": [
          92.612987,
          25.118995
        ]
      }
    },
    {
      "type": "Feature",
      "properties": {
        "id": "PT-050",
        "HAB_ID": "18080001",
        "HAB_NAME": "Longmisa",
        "BLOCK_ID": 180803,
        "ROAD_CONN": false,
        "confidence": 0.755,
        "lat": 25.117943,
        "lon": 92.613899
      },
      "geometry": {
        "type": "Point",
        "coordinates": [
          92.613899,
          25.117943
        ]
      }
    },
    {
      "type": "Feature",
      "properties": {
        "id": "PT-051",
        "HAB_ID": "18080001",
        "HAB_NAME": "Longmisa",
        "BLOCK_ID": 180803,
        "ROAD_CONN": false,
        "confidence": 0.787,
        "lat": 25.118021,
        "lon": 92.614029
      },
      "geometry": {
        "type": "Point",
        "coordinates": [
          92.614029,
          25.118021
        ]
      }
    },
    {
      "type": "Feature",
      "properties": {
        "id": "PT-052",
        "HAB_ID": "18080001",
        "HAB_NAME": "Longmisa",
        "BLOCK_ID": 180803,
        "ROAD_CONN": false,
        "confidence": 0.837,
        "lat": 25.117846,
        "lon": 92.615056
      },
      "geometry": {
        "type": "Point",
        "coordinates": [
          92.615056,
          25.117846
        ]
      }
    },
    {
      "type": "Feature",
      "properties": {
        "id": "PT-053",
        "HAB_ID": "18080001",
        "HAB_NAME": "Longmisa",
        "BLOCK_ID": 180803,
        "ROAD_CONN": false,
        "confidence": 0.877,
        "lat": 25.117665,
        "lon": 92.613462
      },
      "geometry": {
        "type": "Point",
        "coordinates": [
          92.613462,
          25.117665
        ]
      }
    },
    {
      "type": "Feature",
      "properties": {
        "id": "PT-054",
        "HAB_ID": "18080001",
        "HAB_NAME": "Longmisa",
        "BLOCK_ID": 180803,
        "ROAD_CONN": false,
        "confidence": 0.848,
        "lat": 25.11604,
        "lon": 92.616149
      },
      "geometry": {
        "type": "Point",
        "coordinates": [
          92.616149,
          25.11604
        ]
      }
    },
    {
      "type": "Feature",
      "properties": {
        "id": "PT-055",
        "HAB_ID": "18080001",
        "HAB_NAME": "Longmisa",
        "BLOCK_ID": 180803,
        "ROAD_CONN": false,
        "confidence": 0.885,
        "lat": 25.11653,
        "lon": 92.614617
      },
      "geometry": {
        "type": "Point",
        "coordinates": [
          92.614617,
          25.11653
        ]
      }
    },
    {
      "type": "Feature",
      "properties": {
        "id": "PT-056",
        "HAB_ID": "18080001",
        "HAB_NAME": "Longmisa",
        "BLOCK_ID": 180803,
        "ROAD_CONN": false,
        "confidence": 0.868,
        "lat": 25.119524,
        "lon": 92.613521
      },
      "geometry": {
        "type": "Point",
        "coordinates": [
          92.613521,
          25.119524
        ]
      }
    },
    {
      "type": "Feature",
      "properties": {
        "id": "PT-057",
        "HAB_ID": "18080001",
        "HAB_NAME": "Longmisa",
        "BLOCK_ID": 180803,
        "ROAD_CONN": false,
        "confidence": 0.783,
        "lat": 25.115618,
        "lon": 92.615744
      },
      "geometry": {
        "type": "Point",
        "coordinates": [
          92.615744,
          25.115618
        ]
      }
    },
    {
      "type": "Feature",
      "properties": {
        "id": "PT-058",
        "HAB_ID": "18080001",
        "HAB_NAME": "Longmisa",
        "BLOCK_ID": 180803,
        "ROAD_CONN": false,
        "confidence": 0.808,
        "lat": 25.118682,
        "lon": 92.614529
      },
      "geometry": {
        "type": "Point",
        "coordinates": [
          92.614529,
          25.118682
        ]
      }
    },
    {
      "type": "Feature",
      "properties": {
        "id": "PT-059",
        "HAB_ID": "18080001",
        "HAB_NAME": "Longmisa",
        "BLOCK_ID": 180803,
        "ROAD_CONN": false,
        "confidence": 0.899,
        "lat": 25.117398,
        "lon": 92.613413
      },
      "geometry": {
        "type": "Point",
        "coordinates": [
          92.613413,
          25.117398
        ]
      }
    },
    {
      "type": "Feature",
      "properties": {
        "id": "PT-060",
        "HAB_ID": "18080002",
        "HAB_NAME": "Umrangso Basti",
        "BLOCK_ID": 180803,
        "ROAD_CONN": true,
        "confidence": 0.22,
        "lat": 25.08159,
        "lon": 92.730029
      },
      "geometry": {
        "type": "Point",
        "coordinates": [
          92.730029,
          25.08159
        ]
      }
    },
    {
      "type": "Feature",
      "properties": {
        "id": "PT-061",
        "HAB_ID": "18080002",
        "HAB_NAME": "Umrangso Basti",
        "BLOCK_ID": 180803,
        "ROAD_CONN": true,
        "confidence": 0.312,
        "lat": 25.081858,
        "lon": 92.731256
      },
      "geometry": {
        "type": "Point",
        "coordinates": [
          92.731256,
          25.081858
        ]
      }
    },
    {
      "type": "Feature",
      "properties": {
        "id": "PT-062",
        "HAB_ID": "18080002",
        "HAB_NAME": "Umrangso Basti",
        "BLOCK_ID": 180803,
        "ROAD_CONN": true,
        "confidence": 0.302,
        "lat": 25.08154,
        "lon": 92.729087
      },
      "geometry": {
        "type": "Point",
        "coordinates": [
          92.729087,
          25.08154
        ]
      }
    },
    {
      "type": "Feature",
      "properties": {
        "id": "PT-063",
        "HAB_ID": "18080002",
        "HAB_NAME": "Umrangso Basti",
        "BLOCK_ID": 180803,
        "ROAD_CONN": true,
        "confidence": 0.295,
        "lat": 25.081335,
        "lon": 92.730036
      },
      "geometry": {
        "type": "Point",
        "coordinates": [
          92.730036,
          25.081335
        ]
      }
    },
    {
      "type": "Feature",
      "properties": {
        "id": "PT-064",
        "HAB_ID": "18080002",
        "HAB_NAME": "Umrangso Basti",
        "BLOCK_ID": 180803,
        "ROAD_CONN": true,
        "confidence": 0.355,
        "lat": 25.080843,
        "lon": 92.730015
      },
      "geometry": {
        "type": "Point",
        "coordinates": [
          92.730015,
          25.080843
        ]
      }
    },
    {
      "type": "Feature",
      "properties": {
        "id": "PT-065",
        "HAB_ID": "18080002",
        "HAB_NAME": "Umrangso Basti",
        "BLOCK_ID": 180803,
        "ROAD_CONN": true,
        "confidence": 0.292,
        "lat": 25.082662,
        "lon": 92.731268
      },
      "geometry": {
        "type": "Point",
        "coordinates": [
          92.731268,
          25.082662
        ]
      }
    },
    {
      "type": "Feature",
      "properties": {
        "id": "PT-066",
        "HAB_ID": "18080002",
        "HAB_NAME": "Umrangso Basti",
        "BLOCK_ID": 180803,
        "ROAD_CONN": true,
        "confidence": 0.377,
        "lat": 25.080396,
        "lon": 92.728818
      },
      "geometry": {
        "type": "Point",
        "coordinates": [
          92.728818,
          25.080396
        ]
      }
    },
    {
      "type": "Feature",
      "properties": {
        "id": "PT-067",
        "HAB_ID": "18080002",
        "HAB_NAME": "Umrangso Basti",
        "BLOCK_ID": 180803,
        "ROAD_CONN": true,
        "confidence": 0.297,
        "lat": 25.082828,
        "lon": 92.730291
      },
      "geometry": {
        "type": "Point",
        "coordinates": [
          92.730291,
          25.082828
        ]
      }
    },
    {
      "type": "Feature",
      "properties": {
        "id": "PT-068",
        "HAB_ID": "18080002",
        "HAB_NAME": "Umrangso Basti",
        "BLOCK_ID": 180803,
        "ROAD_CONN": true,
        "confidence": 0.247,
        "lat": 25.081525,
        "lon": 92.727842
      },
      "geometry": {
        "type": "Point",
        "coordinates": [
          92.727842,
          25.081525
        ]
      }
    },
    {
      "type": "Feature",
      "properties": {
        "id": "PT-069",
        "HAB_ID": "18080002",
        "HAB_NAME": "Umrangso Basti",
        "BLOCK_ID": 180803,
        "ROAD_CONN": true,
        "confidence": 0.204,
        "lat": 25.080929,
        "lon": 92.729952
      },
      "geometry": {
        "type": "Point",
        "coordinates": [
          92.729952,
          25.080929
        ]
      }
    },
    {
      "type": "Feature",
      "properties": {
        "id": "PT-070",
        "HAB_ID": "18080002",
        "HAB_NAME": "Umrangso Basti",
        "BLOCK_ID": 180803,
        "ROAD_CONN": true,
        "confidence": 0.308,
        "lat": 25.081948,
        "lon": 92.730236
      },
      "geometry": {
        "type": "Point",
        "coordinates": [
          92.730236,
          25.081948
        ]
      }
    },
    {
      "type": "Feature",
      "properties": {
        "id": "PT-071",
        "HAB_ID": "18080002",
        "HAB_NAME": "Umrangso Basti",
        "BLOCK_ID": 180803,
        "ROAD_CONN": true,
        "confidence": 0.286,
        "lat": 25.080964,
        "lon": 92.729423
      },
      "geometry": {
        "type": "Point",
        "coordinates": [
          92.729423,
          25.080964
        ]
      }
    },
    {
      "type": "Feature",
      "properties": {
        "id": "PT-072",
        "HAB_ID": "18080002",
        "HAB_NAME": "Umrangso Basti",
        "BLOCK_ID": 180803,
        "ROAD_CONN": true,
        "confidence": 0.29,
        "lat": 25.081129,
        "lon": 92.730316
      },
      "geometry": {
        "type": "Point",
        "coordinates": [
          92.730316,
          25.081129
        ]
      }
    },
    {
      "type": "Feature",
      "properties": {
        "id": "PT-073",
        "HAB_ID": "18080002",
        "HAB_NAME": "Umrangso Basti",
        "BLOCK_ID": 180803,
        "ROAD_CONN": true,
        "confidence": 0.241,
        "lat": 25.081127,
        "lon": 92.730584
      },
      "geometry": {
        "type": "Point",
        "coordinates": [
          92.730584,
          25.081127
        ]
      }
    },
    {
      "type": "Feature",
      "properties": {
        "id": "PT-074",
        "HAB_ID": "18080002",
        "HAB_NAME": "Umrangso Basti",
        "BLOCK_ID": 180803,
        "ROAD_CONN": true,
        "confidence": 0.272,
        "lat": 25.083468,
        "lon": 92.733711
      },
      "geometry": {
        "type": "Point",
        "coordinates": [
          92.733711,
          25.083468
        ]
      }
    },
    {
      "type": "Feature",
      "properties": {
        "id": "PT-075",
        "HAB_ID": "18080002",
        "HAB_NAME": "Umrangso Basti",
        "BLOCK_ID": 180803,
        "ROAD_CONN": true,
        "confidence": 0.29,
        "lat": 25.080376,
        "lon": 92.729201
      },
      "geometry": {
        "type": "Point",
        "coordinates": [
          92.729201,
          25.080376
        ]
      }
    },
    {
      "type": "Feature",
      "properties": {
        "id": "PT-076",
        "HAB_ID": "18080002",
        "HAB_NAME": "Umrangso Basti",
        "BLOCK_ID": 180803,
        "ROAD_CONN": true,
        "confidence": 0.279,
        "lat": 25.082409,
        "lon": 92.731269
      },
      "geometry": {
        "type": "Point",
        "coordinates": [
          92.731269,
          25.082409
        ]
      }
    },
    {
      "type": "Feature",
      "properties": {
        "id": "PT-077",
        "HAB_ID": "18080002",
        "HAB_NAME": "Umrangso Basti",
        "BLOCK_ID": 180803,
        "ROAD_CONN": true,
        "confidence": 0.246,
        "lat": 25.080237,
        "lon": 92.729579
      },
      "geometry": {
        "type": "Point",
        "coordinates": [
          92.729579,
          25.080237
        ]
      }
    },
    {
      "type": "Feature",
      "properties": {
        "id": "PT-078",
        "HAB_ID": "18080002",
        "HAB_NAME": "Umrangso Basti",
        "BLOCK_ID": 180803,
        "ROAD_CONN": true,
        "confidence": 0.272,
        "lat": 25.08152,
        "lon": 92.729443
      },
      "geometry": {
        "type": "Point",
        "coordinates": [
          92.729443,
          25.08152
        ]
      }
    },
    {
      "type": "Feature",
      "properties": {
        "id": "PT-079",
        "HAB_ID": "18080002",
        "HAB_NAME": "Umrangso Basti",
        "BLOCK_ID": 180803,
        "ROAD_CONN": true,
        "confidence": 0.287,
        "lat": 25.08262,
        "lon": 92.73078
      },
      "geometry": {
        "type": "Point",
        "coordinates": [
          92.73078,
          25.08262
        ]
      }
    },
    {
      "type": "Feature",
      "properties": {
        "id": "PT-080",
        "HAB_ID": "18080002",
        "HAB_NAME": "Umrangso Basti",
        "BLOCK_ID": 180803,
        "ROAD_CONN": true,
        "confidence": 0.242,
        "lat": 25.081204,
        "lon": 92.730193
      },
      "geometry": {
        "type": "Point",
        "coordinates": [
          92.730193,
          25.081204
        ]
      }
    },
    {
      "type": "Feature",
      "properties": {
        "id": "PT-081",
        "HAB_ID": "18080002",
        "HAB_NAME": "Umrangso Basti",
        "BLOCK_ID": 180803,
        "ROAD_CONN": true,
        "confidence": 0.284,
        "lat": 25.081195,
        "lon": 92.728874
      },
      "geometry": {
        "type": "Point",
        "coordinates": [
          92.728874,
          25.081195
        ]
      }
    },
    {
      "type": "Feature",
      "properties": {
        "id": "PT-082",
        "HAB_ID": "18080002",
        "HAB_NAME": "Umrangso Basti",
        "BLOCK_ID": 180803,
        "ROAD_CONN": true,
        "confidence": 0.297,
        "lat": 25.080364,
        "lon": 92.730739
      },
      "geometry": {
        "type": "Point",
        "coordinates": [
          92.730739,
          25.080364
        ]
      }
    },
    {
      "type": "Feature",
      "properties": {
        "id": "PT-083",
        "HAB_ID": "18080002",
        "HAB_NAME": "Umrangso Basti",
        "BLOCK_ID": 180803,
        "ROAD_CONN": true,
        "confidence": 0.3,
        "lat": 25.081427,
        "lon": 92.728608
      },
      "geometry": {
        "type": "Point",
        "coordinates": [
          92.728608,
          25.081427
        ]
      }
    },
    {
      "type": "Feature",
      "properties": {
        "id": "PT-084",
        "HAB_ID": "18080002",
        "HAB_NAME": "Umrangso Basti",
        "BLOCK_ID": 180803,
        "ROAD_CONN": true,
        "confidence": 0.272,
        "lat": 25.082928,
        "lon": 92.730888
      },
      "geometry": {
        "type": "Point",
        "coordinates": [
          92.730888,
          25.082928
        ]
      }
    },
    {
      "type": "Feature",
      "properties": {
        "id": "PT-085",
        "HAB_ID": "18080002",
        "HAB_NAME": "Umrangso Basti",
        "BLOCK_ID": 180803,
        "ROAD_CONN": true,
        "confidence": 0.303,
        "lat": 25.080667,
        "lon": 92.731558
      },
      "geometry": {
        "type": "Point",
        "coordinates": [
          92.731558,
          25.080667
        ]
      }
    },
    {
      "type": "Feature",
      "properties": {
        "id": "PT-086",
        "HAB_ID": "18080002",
        "HAB_NAME": "Umrangso Basti",
        "BLOCK_ID": 180803,
        "ROAD_CONN": true,
        "confidence": 0.285,
        "lat": 25.082129,
        "lon": 92.730936
      },
      "geometry": {
        "type": "Point",
        "coordinates": [
          92.730936,
          25.082129
        ]
      }
    },
    {
      "type": "Feature",
      "properties": {
        "id": "PT-087",
        "HAB_ID": "18080002",
        "HAB_NAME": "Umrangso Basti",
        "BLOCK_ID": 180803,
        "ROAD_CONN": true,
        "confidence": 0.295,
        "lat": 25.081881,
        "lon": 92.728496
      },
      "geometry": {
        "type": "Point",
        "coordinates": [
          92.728496,
          25.081881
        ]
      }
    },
    {
      "type": "Feature",
      "properties": {
        "id": "PT-088",
        "HAB_ID": "18080002",
        "HAB_NAME": "Umrangso Basti",
        "BLOCK_ID": 180803,
        "ROAD_CONN": true,
        "confidence": 0.275,
        "lat": 25.080684,
        "lon": 92.7284
      },
      "geometry": {
        "type": "Point",
        "coordinates": [
          92.7284,
          25.080684
        ]
      }
    },
    {
      "type": "Feature",
      "properties": {
        "id": "PT-089",
        "HAB_ID": "18080002",
        "HAB_NAME": "Umrangso Basti",
        "BLOCK_ID": 180803,
        "ROAD_CONN": true,
        "confidence": 0.337,
        "lat": 25.081978,
        "lon": 92.731573
      },
      "geometry": {
        "type": "Point",
        "coordinates": [
          92.731573,
          25.081978
        ]
      }
    },
    {
      "type": "Feature",
      "properties": {
        "id": "PT-090",
        "HAB_ID": "18080002",
        "HAB_NAME": "Umrangso Basti",
        "BLOCK_ID": 180803,
        "ROAD_CONN": true,
        "confidence": 0.338,
        "lat": 25.081539,
        "lon": 92.729834
      },
      "geometry": {
        "type": "Point",
        "coordinates": [
          92.729834,
          25.081539
        ]
      }
    },
    {
      "type": "Feature",
      "properties": {
        "id": "PT-091",
        "HAB_ID": "18080002",
        "HAB_NAME": "Umrangso Basti",
        "BLOCK_ID": 180803,
        "ROAD_CONN": true,
        "confidence": 0.332,
        "lat": 25.082831,
        "lon": 92.732743
      },
      "geometry": {
        "type": "Point",
        "coordinates": [
          92.732743,
          25.082831
        ]
      }
    },
    {
      "type": "Feature",
      "properties": {
        "id": "PT-092",
        "HAB_ID": "18080002",
        "HAB_NAME": "Umrangso Basti",
        "BLOCK_ID": 180803,
        "ROAD_CONN": true,
        "confidence": 0.266,
        "lat": 25.081155,
        "lon": 92.728687
      },
      "geometry": {
        "type": "Point",
        "coordinates": [
          92.728687,
          25.081155
        ]
      }
    },
    {
      "type": "Feature",
      "properties": {
        "id": "PT-093",
        "HAB_ID": "18080002",
        "HAB_NAME": "Umrangso Basti",
        "BLOCK_ID": 180803,
        "ROAD_CONN": true,
        "confidence": 0.201,
        "lat": 25.079926,
        "lon": 92.726917
      },
      "geometry": {
        "type": "Point",
        "coordinates": [
          92.726917,
          25.079926
        ]
      }
    },
    {
      "type": "Feature",
      "properties": {
        "id": "PT-094",
        "HAB_ID": "18080002",
        "HAB_NAME": "Umrangso Basti",
        "BLOCK_ID": 180803,
        "ROAD_CONN": true,
        "confidence": 0.315,
        "lat": 25.081867,
        "lon": 92.730859
      },
      "geometry": {
        "type": "Point",
        "coordinates": [
          92.730859,
          25.081867
        ]
      }
    },
    {
      "type": "Feature",
      "properties": {
        "id": "PT-095",
        "HAB_ID": "18080002",
        "HAB_NAME": "Umrangso Basti",
        "BLOCK_ID": 180803,
        "ROAD_CONN": true,
        "confidence": 0.256,
        "lat": 25.081778,
        "lon": 92.729323
      },
      "geometry": {
        "type": "Point",
        "coordinates": [
          92.729323,
          25.081778
        ]
      }
    },
    {
      "type": "Feature",
      "properties": {
        "id": "PT-096",
        "HAB_ID": "18080002",
        "HAB_NAME": "Umrangso Basti",
        "BLOCK_ID": 180803,
        "ROAD_CONN": true,
        "confidence": 0.271,
        "lat": 25.081629,
        "lon": 92.732088
      },
      "geometry": {
        "type": "Point",
        "coordinates": [
          92.732088,
          25.081629
        ]
      }
    },
    {
      "type": "Feature",
      "properties": {
        "id": "PT-097",
        "HAB_ID": "18080002",
        "HAB_NAME": "Umrangso Basti",
        "BLOCK_ID": 180803,
        "ROAD_CONN": true,
        "confidence": 0.268,
        "lat": 25.080823,
        "lon": 92.728341
      },
      "geometry": {
        "type": "Point",
        "coordinates": [
          92.728341,
          25.080823
        ]
      }
    },
    {
      "type": "Feature",
      "properties": {
        "id": "PT-098",
        "HAB_ID": "18080003",
        "HAB_NAME": "Khonoma Tola",
        "BLOCK_ID": 180801,
        "ROAD_CONN": false,
        "confidence": 0.706,
        "lat": 25.2142,
        "lon": 92.684095
      },
      "geometry": {
        "type": "Point",
        "coordinates": [
          92.684095,
          25.2142
        ]
      }
    },
    {
      "type": "Feature",
      "properties": {
        "id": "PT-099",
        "HAB_ID": "18080003",
        "HAB_NAME": "Khonoma Tola",
        "BLOCK_ID": 180801,
        "ROAD_CONN": false,
        "confidence": 0.638,
        "lat": 25.210609,
        "lon": 92.681456
      },
      "geometry": {
        "type": "Point",
        "coordinates": [
          92.681456,
          25.210609
        ]
      }
    },
    {
      "type": "Feature",
      "properties": {
        "id": "PT-100",
        "HAB_ID": "18080003",
        "HAB_NAME": "Khonoma Tola",
        "BLOCK_ID": 180801,
        "ROAD_CONN": false,
        "confidence": 0.629,
        "lat": 25.213729,
        "lon": 92.68289
      },
      "geometry": {
        "type": "Point",
        "coordinates": [
          92.68289,
          25.213729
        ]
      }
    },
    {
      "type": "Feature",
      "properties": {
        "id": "PT-101",
        "HAB_ID": "18080003",
        "HAB_NAME": "Khonoma Tola",
        "BLOCK_ID": 180801,
        "ROAD_CONN": false,
        "confidence": 0.671,
        "lat": 25.215119,
        "lon": 92.683096
      },
      "geometry": {
        "type": "Point",
        "coordinates": [
          92.683096,
          25.215119
        ]
      }
    },
    {
      "type": "Feature",
      "properties": {
        "id": "PT-102",
        "HAB_ID": "18080003",
        "HAB_NAME": "Khonoma Tola",
        "BLOCK_ID": 180801,
        "ROAD_CONN": false,
        "confidence": 0.597,
        "lat": 25.216557,
        "lon": 92.684307
      },
      "geometry": {
        "type": "Point",
        "coordinates": [
          92.684307,
          25.216557
        ]
      }
    },
    {
      "type": "Feature",
      "properties": {
        "id": "PT-103",
        "HAB_ID": "18080003",
        "HAB_NAME": "Khonoma Tola",
        "BLOCK_ID": 180801,
        "ROAD_CONN": false,
        "confidence": 0.653,
        "lat": 25.212217,
        "lon": 92.682496
      },
      "geometry": {
        "type": "Point",
        "coordinates": [
          92.682496,
          25.212217
        ]
      }
    },
    {
      "type": "Feature",
      "properties": {
        "id": "PT-104",
        "HAB_ID": "18080003",
        "HAB_NAME": "Khonoma Tola",
        "BLOCK_ID": 180801,
        "ROAD_CONN": false,
        "confidence": 0.633,
        "lat": 25.213165,
        "lon": 92.682006
      },
      "geometry": {
        "type": "Point",
        "coordinates": [
          92.682006,
          25.213165
        ]
      }
    },
    {
      "type": "Feature",
      "properties": {
        "id": "PT-105",
        "HAB_ID": "18080003",
        "HAB_NAME": "Khonoma Tola",
        "BLOCK_ID": 180801,
        "ROAD_CONN": false,
        "confidence": 0.674,
        "lat": 25.214744,
        "lon": 92.683006
      },
      "geometry": {
        "type": "Point",
        "coordinates": [
          92.683006,
          25.214744
        ]
      }
    },
    {
      "type": "Feature",
      "properties": {
        "id": "PT-106",
        "HAB_ID": "18080003",
        "HAB_NAME": "Khonoma Tola",
        "BLOCK_ID": 180801,
        "ROAD_CONN": false,
        "confidence": 0.707,
        "lat": 25.213003,
        "lon": 92.68201
      },
      "geometry": {
        "type": "Point",
        "coordinates": [
          92.68201,
          25.213003
        ]
      }
    },
    {
      "type": "Feature",
      "properties": {
        "id": "PT-107",
        "HAB_ID": "18080003",
        "HAB_NAME": "Khonoma Tola",
        "BLOCK_ID": 180801,
        "ROAD_CONN": false,
        "confidence": 0.653,
        "lat": 25.213616,
        "lon": 92.682248
      },
      "geometry": {
        "type": "Point",
        "coordinates": [
          92.682248,
          25.213616
        ]
      }
    },
    {
      "type": "Feature",
      "properties": {
        "id": "PT-108",
        "HAB_ID": "18080003",
        "HAB_NAME": "Khonoma Tola",
        "BLOCK_ID": 180801,
        "ROAD_CONN": false,
        "confidence": 0.62,
        "lat": 25.212616,
        "lon": 92.682045
      },
      "geometry": {
        "type": "Point",
        "coordinates": [
          92.682045,
          25.212616
        ]
      }
    },
    {
      "type": "Feature",
      "properties": {
        "id": "PT-109",
        "HAB_ID": "18080003",
        "HAB_NAME": "Khonoma Tola",
        "BLOCK_ID": 180801,
        "ROAD_CONN": false,
        "confidence": 0.734,
        "lat": 25.214668,
        "lon": 92.682089
      },
      "geometry": {
        "type": "Point",
        "coordinates": [
          92.682089,
          25.214668
        ]
      }
    },
    {
      "type": "Feature",
      "properties": {
        "id": "PT-110",
        "HAB_ID": "18080003",
        "HAB_NAME": "Khonoma Tola",
        "BLOCK_ID": 180801,
        "ROAD_CONN": false,
        "confidence": 0.674,
        "lat": 25.21151,
        "lon": 92.682374
      },
      "geometry": {
        "type": "Point",
        "coordinates": [
          92.682374,
          25.21151
        ]
      }
    },
    {
      "type": "Feature",
      "properties": {
        "id": "PT-111",
        "HAB_ID": "18080003",
        "HAB_NAME": "Khonoma Tola",
        "BLOCK_ID": 180801,
        "ROAD_CONN": false,
        "confidence": 0.711,
        "lat": 25.213876,
        "lon": 92.684042
      },
      "geometry": {
        "type": "Point",
        "coordinates": [
          92.684042,
          25.213876
        ]
      }
    },
    {
      "type": "Feature",
      "properties": {
        "id": "PT-112",
        "HAB_ID": "18080003",
        "HAB_NAME": "Khonoma Tola",
        "BLOCK_ID": 180801,
        "ROAD_CONN": false,
        "confidence": 0.68,
        "lat": 25.213123,
        "lon": 92.682865
      },
      "geometry": {
        "type": "Point",
        "coordinates": [
          92.682865,
          25.213123
        ]
      }
    },
    {
      "type": "Feature",
      "properties": {
        "id": "PT-113",
        "HAB_ID": "18080003",
        "HAB_NAME": "Khonoma Tola",
        "BLOCK_ID": 180801,
        "ROAD_CONN": false,
        "confidence": 0.585,
        "lat": 25.211929,
        "lon": 92.681343
      },
      "geometry": {
        "type": "Point",
        "coordinates": [
          92.681343,
          25.211929
        ]
      }
    },
    {
      "type": "Feature",
      "properties": {
        "id": "PT-114",
        "HAB_ID": "18080003",
        "HAB_NAME": "Khonoma Tola",
        "BLOCK_ID": 180801,
        "ROAD_CONN": false,
        "confidence": 0.674,
        "lat": 25.214487,
        "lon": 92.683466
      },
      "geometry": {
        "type": "Point",
        "coordinates": [
          92.683466,
          25.214487
        ]
      }
    },
    {
      "type": "Feature",
      "properties": {
        "id": "PT-115",
        "HAB_ID": "18080003",
        "HAB_NAME": "Khonoma Tola",
        "BLOCK_ID": 180801,
        "ROAD_CONN": false,
        "confidence": 0.669,
        "lat": 25.2135,
        "lon": 92.681683
      },
      "geometry": {
        "type": "Point",
        "coordinates": [
          92.681683,
          25.2135
        ]
      }
    },
    {
      "type": "Feature",
      "properties": {
        "id": "PT-116",
        "HAB_ID": "18080003",
        "HAB_NAME": "Khonoma Tola",
        "BLOCK_ID": 180801,
        "ROAD_CONN": false,
        "confidence": 0.715,
        "lat": 25.213239,
        "lon": 92.682171
      },
      "geometry": {
        "type": "Point",
        "coordinates": [
          92.682171,
          25.213239
        ]
      }
    },
    {
      "type": "Feature",
      "properties": {
        "id": "PT-117",
        "HAB_ID": "18080003",
        "HAB_NAME": "Khonoma Tola",
        "BLOCK_ID": 180801,
        "ROAD_CONN": false,
        "confidence": 0.636,
        "lat": 25.212403,
        "lon": 92.683623
      },
      "geometry": {
        "type": "Point",
        "coordinates": [
          92.683623,
          25.212403
        ]
      }
    },
    {
      "type": "Feature",
      "properties": {
        "id": "PT-118",
        "HAB_ID": "18080003",
        "HAB_NAME": "Khonoma Tola",
        "BLOCK_ID": 180801,
        "ROAD_CONN": false,
        "confidence": 0.594,
        "lat": 25.211376,
        "lon": 92.681697
      },
      "geometry": {
        "type": "Point",
        "coordinates": [
          92.681697,
          25.211376
        ]
      }
    },
    {
      "type": "Feature",
      "properties": {
        "id": "PT-119",
        "HAB_ID": "18080003",
        "HAB_NAME": "Khonoma Tola",
        "BLOCK_ID": 180801,
        "ROAD_CONN": false,
        "confidence": 0.743,
        "lat": 25.214939,
        "lon": 92.682849
      },
      "geometry": {
        "type": "Point",
        "coordinates": [
          92.682849,
          25.214939
        ]
      }
    },
    {
      "type": "Feature",
      "properties": {
        "id": "PT-120",
        "HAB_ID": "18080003",
        "HAB_NAME": "Khonoma Tola",
        "BLOCK_ID": 180801,
        "ROAD_CONN": false,
        "confidence": 0.6,
        "lat": 25.214216,
        "lon": 92.683177
      },
      "geometry": {
        "type": "Point",
        "coordinates": [
          92.683177,
          25.214216
        ]
      }
    },
    {
      "type": "Feature",
      "properties": {
        "id": "PT-121",
        "HAB_ID": "18080003",
        "HAB_NAME": "Khonoma Tola",
        "BLOCK_ID": 180801,
        "ROAD_CONN": false,
        "confidence": 0.734,
        "lat": 25.214109,
        "lon": 92.683442
      },
      "geometry": {
        "type": "Point",
        "coordinates": [
          92.683442,
          25.214109
        ]
      }
    },
    {
      "type": "Feature",
      "properties": {
        "id": "PT-122",
        "HAB_ID": "18080003",
        "HAB_NAME": "Khonoma Tola",
        "BLOCK_ID": 180801,
        "ROAD_CONN": false,
        "confidence": 0.659,
        "lat": 25.212581,
        "lon": 92.681883
      },
      "geometry": {
        "type": "Point",
        "coordinates": [
          92.681883,
          25.212581
        ]
      }
    },
    {
      "type": "Feature",
      "properties": {
        "id": "PT-123",
        "HAB_ID": "18080003",
        "HAB_NAME": "Khonoma Tola",
        "BLOCK_ID": 180801,
        "ROAD_CONN": false,
        "confidence": 0.616,
        "lat": 25.215511,
        "lon": 92.683694
      },
      "geometry": {
        "type": "Point",
        "coordinates": [
          92.683694,
          25.215511
        ]
      }
    },
    {
      "type": "Feature",
      "properties": {
        "id": "PT-124",
        "HAB_ID": "18080003",
        "HAB_NAME": "Khonoma Tola",
        "BLOCK_ID": 180801,
        "ROAD_CONN": false,
        "confidence": 0.683,
        "lat": 25.213355,
        "lon": 92.682501
      },
      "geometry": {
        "type": "Point",
        "coordinates": [
          92.682501,
          25.213355
        ]
      }
    },
    {
      "type": "Feature",
      "properties": {
        "id": "PT-125",
        "HAB_ID": "18080003",
        "HAB_NAME": "Khonoma Tola",
        "BLOCK_ID": 180801,
        "ROAD_CONN": false,
        "confidence": 0.626,
        "lat": 25.212803,
        "lon": 92.683955
      },
      "geometry": {
        "type": "Point",
        "coordinates": [
          92.683955,
          25.212803
        ]
      }
    },
    {
      "type": "Feature",
      "properties": {
        "id": "PT-126",
        "HAB_ID": "18080003",
        "HAB_NAME": "Khonoma Tola",
        "BLOCK_ID": 180801,
        "ROAD_CONN": false,
        "confidence": 0.669,
        "lat": 25.212706,
        "lon": 92.681613
      },
      "geometry": {
        "type": "Point",
        "coordinates": [
          92.681613,
          25.212706
        ]
      }
    },
    {
      "type": "Feature",
      "properties": {
        "id": "PT-127",
        "HAB_ID": "18080003",
        "HAB_NAME": "Khonoma Tola",
        "BLOCK_ID": 180801,
        "ROAD_CONN": false,
        "confidence": 0.715,
        "lat": 25.214535,
        "lon": 92.683355
      },
      "geometry": {
        "type": "Point",
        "coordinates": [
          92.683355,
          25.214535
        ]
      }
    },
    {
      "type": "Feature",
      "properties": {
        "id": "PT-128",
        "HAB_ID": "18080003",
        "HAB_NAME": "Khonoma Tola",
        "BLOCK_ID": 180801,
        "ROAD_CONN": false,
        "confidence": 0.724,
        "lat": 25.213307,
        "lon": 92.68271
      },
      "geometry": {
        "type": "Point",
        "coordinates": [
          92.68271,
          25.213307
        ]
      }
    },
    {
      "type": "Feature",
      "properties": {
        "id": "PT-129",
        "HAB_ID": "18080003",
        "HAB_NAME": "Khonoma Tola",
        "BLOCK_ID": 180801,
        "ROAD_CONN": false,
        "confidence": 0.702,
        "lat": 25.213279,
        "lon": 92.682844
      },
      "geometry": {
        "type": "Point",
        "coordinates": [
          92.682844,
          25.213279
        ]
      }
    },
    {
      "type": "Feature",
      "properties": {
        "id": "PT-130",
        "HAB_ID": "18080003",
        "HAB_NAME": "Khonoma Tola",
        "BLOCK_ID": 180801,
        "ROAD_CONN": false,
        "confidence": 0.591,
        "lat": 25.210626,
        "lon": 92.681685
      },
      "geometry": {
        "type": "Point",
        "coordinates": [
          92.681685,
          25.210626
        ]
      }
    },
    {
      "type": "Feature",
      "properties": {
        "id": "PT-131",
        "HAB_ID": "18080003",
        "HAB_NAME": "Khonoma Tola",
        "BLOCK_ID": 180801,
        "ROAD_CONN": false,
        "confidence": 0.616,
        "lat": 25.212729,
        "lon": 92.682514
      },
      "geometry": {
        "type": "Point",
        "coordinates": [
          92.682514,
          25.212729
        ]
      }
    },
    {
      "type": "Feature",
      "properties": {
        "id": "PT-132",
        "HAB_ID": "18080003",
        "HAB_NAME": "Khonoma Tola",
        "BLOCK_ID": 180801,
        "ROAD_CONN": false,
        "confidence": 0.688,
        "lat": 25.214042,
        "lon": 92.682206
      },
      "geometry": {
        "type": "Point",
        "coordinates": [
          92.682206,
          25.214042
        ]
      }
    },
    {
      "type": "Feature",
      "properties": {
        "id": "PT-133",
        "HAB_ID": "18080003",
        "HAB_NAME": "Khonoma Tola",
        "BLOCK_ID": 180801,
        "ROAD_CONN": false,
        "confidence": 0.626,
        "lat": 25.213917,
        "lon": 92.682417
      },
      "geometry": {
        "type": "Point",
        "coordinates": [
          92.682417,
          25.213917
        ]
      }
    },
    {
      "type": "Feature",
      "properties": {
        "id": "PT-134",
        "HAB_ID": "18080003",
        "HAB_NAME": "Khonoma Tola",
        "BLOCK_ID": 180801,
        "ROAD_CONN": false,
        "confidence": 0.698,
        "lat": 25.213766,
        "lon": 92.682854
      },
      "geometry": {
        "type": "Point",
        "coordinates": [
          92.682854,
          25.213766
        ]
      }
    },
    {
      "type": "Feature",
      "properties": {
        "id": "PT-135",
        "HAB_ID": "18080003",
        "HAB_NAME": "Khonoma Tola",
        "BLOCK_ID": 180801,
        "ROAD_CONN": false,
        "confidence": 0.574,
        "lat": 25.213443,
        "lon": 92.683175
      },
      "geometry": {
        "type": "Point",
        "coordinates": [
          92.683175,
          25.213443
        ]
      }
    },
    {
      "type": "Feature",
      "properties": {
        "id": "PT-136",
        "HAB_ID": "18080003",
        "HAB_NAME": "Khonoma Tola",
        "BLOCK_ID": 180801,
        "ROAD_CONN": false,
        "confidence": 0.677,
        "lat": 25.211875,
        "lon": 92.682528
      },
      "geometry": {
        "type": "Point",
        "coordinates": [
          92.682528,
          25.211875
        ]
      }
    },
    {
      "type": "Feature",
      "properties": {
        "id": "PT-137",
        "HAB_ID": "18080003",
        "HAB_NAME": "Khonoma Tola",
        "BLOCK_ID": 180801,
        "ROAD_CONN": false,
        "confidence": 0.674,
        "lat": 25.212275,
        "lon": 92.682749
      },
      "geometry": {
        "type": "Point",
        "coordinates": [
          92.682749,
          25.212275
        ]
      }
    },
    {
      "type": "Feature",
      "properties": {
        "id": "PT-138",
        "HAB_ID": "18080003",
        "HAB_NAME": "Khonoma Tola",
        "BLOCK_ID": 180801,
        "ROAD_CONN": false,
        "confidence": 0.702,
        "lat": 25.213892,
        "lon": 92.682651
      },
      "geometry": {
        "type": "Point",
        "coordinates": [
          92.682651,
          25.213892
        ]
      }
    },
    {
      "type": "Feature",
      "properties": {
        "id": "PT-139",
        "HAB_ID": "18080003",
        "HAB_NAME": "Khonoma Tola",
        "BLOCK_ID": 180801,
        "ROAD_CONN": false,
        "confidence": 0.602,
        "lat": 25.211533,
        "lon": 92.683066
      },
      "geometry": {
        "type": "Point",
        "coordinates": [
          92.683066,
          25.211533
        ]
      }
    },
    {
      "type": "Feature",
      "properties": {
        "id": "PT-140",
        "HAB_ID": "18080003",
        "HAB_NAME": "Khonoma Tola",
        "BLOCK_ID": 180801,
        "ROAD_CONN": false,
        "confidence": 0.663,
        "lat": 25.211778,
        "lon": 92.681689
      },
      "geometry": {
        "type": "Point",
        "coordinates": [
          92.681689,
          25.211778
        ]
      }
    },
    {
      "type": "Feature",
      "properties": {
        "id": "PT-141",
        "HAB_ID": "18080003",
        "HAB_NAME": "Khonoma Tola",
        "BLOCK_ID": 180801,
        "ROAD_CONN": false,
        "confidence": 0.623,
        "lat": 25.213289,
        "lon": 92.683107
      },
      "geometry": {
        "type": "Point",
        "coordinates": [
          92.683107,
          25.213289
        ]
      }
    },
    {
      "type": "Feature",
      "properties": {
        "id": "PT-142",
        "HAB_ID": "18080003",
        "HAB_NAME": "Khonoma Tola",
        "BLOCK_ID": 180801,
        "ROAD_CONN": false,
        "confidence": 0.67,
        "lat": 25.216949,
        "lon": 92.683533
      },
      "geometry": {
        "type": "Point",
        "coordinates": [
          92.683533,
          25.216949
        ]
      }
    },
    {
      "type": "Feature",
      "properties": {
        "id": "PT-143",
        "HAB_ID": "18080003",
        "HAB_NAME": "Khonoma Tola",
        "BLOCK_ID": 180801,
        "ROAD_CONN": false,
        "confidence": 0.69,
        "lat": 25.214993,
        "lon": 92.683268
      },
      "geometry": {
        "type": "Point",
        "coordinates": [
          92.683268,
          25.214993
        ]
      }
    },
    {
      "type": "Feature",
      "properties": {
        "id": "PT-144",
        "HAB_ID": "18080003",
        "HAB_NAME": "Khonoma Tola",
        "BLOCK_ID": 180801,
        "ROAD_CONN": false,
        "confidence": 0.639,
        "lat": 25.214909,
        "lon": 92.682947
      },
      "geometry": {
        "type": "Point",
        "coordinates": [
          92.682947,
          25.214909
        ]
      }
    },
    {
      "type": "Feature",
      "properties": {
        "id": "PT-145",
        "HAB_ID": "18080003",
        "HAB_NAME": "Khonoma Tola",
        "BLOCK_ID": 180801,
        "ROAD_CONN": false,
        "confidence": 0.661,
        "lat": 25.212821,
        "lon": 92.681374
      },
      "geometry": {
        "type": "Point",
        "coordinates": [
          92.681374,
          25.212821
        ]
      }
    },
    {
      "type": "Feature",
      "properties": {
        "id": "PT-146",
        "HAB_ID": "18080004",
        "HAB_NAME": "Rengpang",
        "BLOCK_ID": 180802,
        "ROAD_CONN": true,
        "confidence": 0.264,
        "lat": 25.183533,
        "lon": 92.831503
      },
      "geometry": {
        "type": "Point",
        "coordinates": [
          92.831503,
          25.183533
        ]
      }
    },
    {
      "type": "Feature",
      "properties": {
        "id": "PT-147",
        "HAB_ID": "18080004",
        "HAB_NAME": "Rengpang",
        "BLOCK_ID": 180802,
        "ROAD_CONN": true,
        "confidence": 0.323,
        "lat": 25.183205,
        "lon": 92.83249
      },
      "geometry": {
        "type": "Point",
        "coordinates": [
          92.83249,
          25.183205
        ]
      }
    },
    {
      "type": "Feature",
      "properties": {
        "id": "PT-148",
        "HAB_ID": "18080004",
        "HAB_NAME": "Rengpang",
        "BLOCK_ID": 180802,
        "ROAD_CONN": true,
        "confidence": 0.314,
        "lat": 25.182674,
        "lon": 92.831896
      },
      "geometry": {
        "type": "Point",
        "coordinates": [
          92.831896,
          25.182674
        ]
      }
    },
    {
      "type": "Feature",
      "properties": {
        "id": "PT-149",
        "HAB_ID": "18080004",
        "HAB_NAME": "Rengpang",
        "BLOCK_ID": 180802,
        "ROAD_CONN": true,
        "confidence": 0.236,
        "lat": 25.184426,
        "lon": 92.832731
      },
      "geometry": {
        "type": "Point",
        "coordinates": [
          92.832731,
          25.184426
        ]
      }
    },
    {
      "type": "Feature",
      "properties": {
        "id": "PT-150",
        "HAB_ID": "18080004",
        "HAB_NAME": "Rengpang",
        "BLOCK_ID": 180802,
        "ROAD_CONN": true,
        "confidence": 0.318,
        "lat": 25.182616,
        "lon": 92.832997
      },
      "geometry": {
        "type": "Point",
        "coordinates": [
          92.832997,
          25.182616
        ]
      }
    },
    {
      "type": "Feature",
      "properties": {
        "id": "PT-151",
        "HAB_ID": "18080004",
        "HAB_NAME": "Rengpang",
        "BLOCK_ID": 180802,
        "ROAD_CONN": true,
        "confidence": 0.359,
        "lat": 25.184402,
        "lon": 92.832923
      },
      "geometry": {
        "type": "Point",
        "coordinates": [
          92.832923,
          25.184402
        ]
      }
    },
    {
      "type": "Feature",
      "properties": {
        "id": "PT-152",
        "HAB_ID": "18080004",
        "HAB_NAME": "Rengpang",
        "BLOCK_ID": 180802,
        "ROAD_CONN": true,
        "confidence": 0.313,
        "lat": 25.182183,
        "lon": 92.830531
      },
      "geometry": {
        "type": "Point",
        "coordinates": [
          92.830531,
          25.182183
        ]
      }
    },
    {
      "type": "Feature",
      "properties": {
        "id": "PT-153",
        "HAB_ID": "18080004",
        "HAB_NAME": "Rengpang",
        "BLOCK_ID": 180802,
        "ROAD_CONN": true,
        "confidence": 0.295,
        "lat": 25.18348,
        "lon": 92.832274
      },
      "geometry": {
        "type": "Point",
        "coordinates": [
          92.832274,
          25.18348
        ]
      }
    },
    {
      "type": "Feature",
      "properties": {
        "id": "PT-154",
        "HAB_ID": "18080004",
        "HAB_NAME": "Rengpang",
        "BLOCK_ID": 180802,
        "ROAD_CONN": true,
        "confidence": 0.274,
        "lat": 25.183045,
        "lon": 92.831658
      },
      "geometry": {
        "type": "Point",
        "coordinates": [
          92.831658,
          25.183045
        ]
      }
    },
    {
      "type": "Feature",
      "properties": {
        "id": "PT-155",
        "HAB_ID": "18080004",
        "HAB_NAME": "Rengpang",
        "BLOCK_ID": 180802,
        "ROAD_CONN": true,
        "confidence": 0.236,
        "lat": 25.182292,
        "lon": 92.833418
      },
      "geometry": {
        "type": "Point",
        "coordinates": [
          92.833418,
          25.182292
        ]
      }
    },
    {
      "type": "Feature",
      "properties": {
        "id": "PT-156",
        "HAB_ID": "18080004",
        "HAB_NAME": "Rengpang",
        "BLOCK_ID": 180802,
        "ROAD_CONN": true,
        "confidence": 0.218,
        "lat": 25.183107,
        "lon": 92.832198
      },
      "geometry": {
        "type": "Point",
        "coordinates": [
          92.832198,
          25.183107
        ]
      }
    },
    {
      "type": "Feature",
      "properties": {
        "id": "PT-157",
        "HAB_ID": "18080004",
        "HAB_NAME": "Rengpang",
        "BLOCK_ID": 180802,
        "ROAD_CONN": true,
        "confidence": 0.28,
        "lat": 25.181701,
        "lon": 92.832289
      },
      "geometry": {
        "type": "Point",
        "coordinates": [
          92.832289,
          25.181701
        ]
      }
    },
    {
      "type": "Feature",
      "properties": {
        "id": "PT-158",
        "HAB_ID": "18080004",
        "HAB_NAME": "Rengpang",
        "BLOCK_ID": 180802,
        "ROAD_CONN": true,
        "confidence": 0.293,
        "lat": 25.184134,
        "lon": 92.833475
      },
      "geometry": {
        "type": "Point",
        "coordinates": [
          92.833475,
          25.184134
        ]
      }
    },
    {
      "type": "Feature",
      "properties": {
        "id": "PT-159",
        "HAB_ID": "18080004",
        "HAB_NAME": "Rengpang",
        "BLOCK_ID": 180802,
        "ROAD_CONN": true,
        "confidence": 0.299,
        "lat": 25.181459,
        "lon": 92.829884
      },
      "geometry": {
        "type": "Point",
        "coordinates": [
          92.829884,
          25.181459
        ]
      }
    },
    {
      "type": "Feature",
      "properties": {
        "id": "PT-160",
        "HAB_ID": "18080004",
        "HAB_NAME": "Rengpang",
        "BLOCK_ID": 180802,
        "ROAD_CONN": true,
        "confidence": 0.334,
        "lat": 25.180697,
        "lon": 92.833325
      },
      "geometry": {
        "type": "Point",
        "coordinates": [
          92.833325,
          25.180697
        ]
      }
    },
    {
      "type": "Feature",
      "properties": {
        "id": "PT-161",
        "HAB_ID": "18080004",
        "HAB_NAME": "Rengpang",
        "BLOCK_ID": 180802,
        "ROAD_CONN": true,
        "confidence": 0.329,
        "lat": 25.183612,
        "lon": 92.832612
      },
      "geometry": {
        "type": "Point",
        "coordinates": [
          92.832612,
          25.183612
        ]
      }
    },
    {
      "type": "Feature",
      "properties": {
        "id": "PT-162",
        "HAB_ID": "18080004",
        "HAB_NAME": "Rengpang",
        "BLOCK_ID": 180802,
        "ROAD_CONN": true,
        "confidence": 0.347,
        "lat": 25.182591,
        "lon": 92.832428
      },
      "geometry": {
        "type": "Point",
        "coordinates": [
          92.832428,
          25.182591
        ]
      }
    },
    {
      "type": "Feature",
      "properties": {
        "id": "PT-163",
        "HAB_ID": "18080004",
        "HAB_NAME": "Rengpang",
        "BLOCK_ID": 180802,
        "ROAD_CONN": true,
        "confidence": 0.276,
        "lat": 25.1847,
        "lon": 92.832893
      },
      "geometry": {
        "type": "Point",
        "coordinates": [
          92.832893,
          25.1847
        ]
      }
    },
    {
      "type": "Feature",
      "properties": {
        "id": "PT-164",
        "HAB_ID": "18080004",
        "HAB_NAME": "Rengpang",
        "BLOCK_ID": 180802,
        "ROAD_CONN": true,
        "confidence": 0.304,
        "lat": 25.183113,
        "lon": 92.830436
      },
      "geometry": {
        "type": "Point",
        "coordinates": [
          92.830436,
          25.183113
        ]
      }
    },
    {
      "type": "Feature",
      "properties": {
        "id": "PT-165",
        "HAB_ID": "18080004",
        "HAB_NAME": "Rengpang",
        "BLOCK_ID": 180802,
        "ROAD_CONN": true,
        "confidence": 0.241,
        "lat": 25.18342,
        "lon": 92.831479
      },
      "geometry": {
        "type": "Point",
        "coordinates": [
          92.831479,
          25.18342
        ]
      }
    },
    {
      "type": "Feature",
      "properties": {
        "id": "PT-166",
        "HAB_ID": "18080004",
        "HAB_NAME": "Rengpang",
        "BLOCK_ID": 180802,
        "ROAD_CONN": true,
        "confidence": 0.29,
        "lat": 25.184584,
        "lon": 92.834863
      },
      "geometry": {
        "type": "Point",
        "coordinates": [
          92.834863,
          25.184584
        ]
      }
    },
    {
      "type": "Feature",
      "properties": {
        "id": "PT-167",
        "HAB_ID": "18080004",
        "HAB_NAME": "Rengpang",
        "BLOCK_ID": 180802,
        "ROAD_CONN": true,
        "confidence": 0.271,
        "lat": 25.182129,
        "lon": 92.832237
      },
      "geometry": {
        "type": "Point",
        "coordinates": [
          92.832237,
          25.182129
        ]
      }
    },
    {
      "type": "Feature",
      "properties": {
        "id": "PT-168",
        "HAB_ID": "18080004",
        "HAB_NAME": "Rengpang",
        "BLOCK_ID": 180802,
        "ROAD_CONN": true,
        "confidence": 0.242,
        "lat": 25.181752,
        "lon": 92.832372
      },
      "geometry": {
        "type": "Point",
        "coordinates": [
          92.832372,
          25.181752
        ]
      }
    },
    {
      "type": "Feature",
      "properties": {
        "id": "PT-169",
        "HAB_ID": "18080004",
        "HAB_NAME": "Rengpang",
        "BLOCK_ID": 180802,
        "ROAD_CONN": true,
        "confidence": 0.298,
        "lat": 25.184032,
        "lon": 92.833059
      },
      "geometry": {
        "type": "Point",
        "coordinates": [
          92.833059,
          25.184032
        ]
      }
    },
    {
      "type": "Feature",
      "properties": {
        "id": "PT-170",
        "HAB_ID": "18080004",
        "HAB_NAME": "Rengpang",
        "BLOCK_ID": 180802,
        "ROAD_CONN": true,
        "confidence": 0.244,
        "lat": 25.182644,
        "lon": 92.830394
      },
      "geometry": {
        "type": "Point",
        "coordinates": [
          92.830394,
          25.182644
        ]
      }
    },
    {
      "type": "Feature",
      "properties": {
        "id": "PT-171",
        "HAB_ID": "18080004",
        "HAB_NAME": "Rengpang",
        "BLOCK_ID": 180802,
        "ROAD_CONN": true,
        "confidence": 0.295,
        "lat": 25.182814,
        "lon": 92.831739
      },
      "geometry": {
        "type": "Point",
        "coordinates": [
          92.831739,
          25.182814
        ]
      }
    },
    {
      "type": "Feature",
      "properties": {
        "id": "PT-172",
        "HAB_ID": "18080004",
        "HAB_NAME": "Rengpang",
        "BLOCK_ID": 180802,
        "ROAD_CONN": true,
        "confidence": 0.245,
        "lat": 25.181513,
        "lon": 92.829181
      },
      "geometry": {
        "type": "Point",
        "coordinates": [
          92.829181,
          25.181513
        ]
      }
    },
    {
      "type": "Feature",
      "properties": {
        "id": "PT-173",
        "HAB_ID": "18080004",
        "HAB_NAME": "Rengpang",
        "BLOCK_ID": 180802,
        "ROAD_CONN": true,
        "confidence": 0.351,
        "lat": 25.183309,
        "lon": 92.833511
      },
      "geometry": {
        "type": "Point",
        "coordinates": [
          92.833511,
          25.183309
        ]
      }
    },
    {
      "type": "Feature",
      "properties": {
        "id": "PT-174",
        "HAB_ID": "18080004",
        "HAB_NAME": "Rengpang",
        "BLOCK_ID": 180802,
        "ROAD_CONN": true,
        "confidence": 0.228,
        "lat": 25.181356,
        "lon": 92.8314
      },
      "geometry": {
        "type": "Point",
        "coordinates": [
          92.8314,
          25.181356
        ]
      }
    },
    {
      "type": "Feature",
      "properties": {
        "id": "PT-175",
        "HAB_ID": "18080004",
        "HAB_NAME": "Rengpang",
        "BLOCK_ID": 180802,
        "ROAD_CONN": true,
        "confidence": 0.31,
        "lat": 25.183743,
        "lon": 92.832281
      },
      "geometry": {
        "type": "Point",
        "coordinates": [
          92.832281,
          25.183743
        ]
      }
    },
    {
      "type": "Feature",
      "properties": {
        "id": "PT-176",
        "HAB_ID": "18080005",
        "HAB_NAME": "Haflong Fringe",
        "BLOCK_ID": 180801,
        "ROAD_CONN": true,
        "confidence": 0.643,
        "lat": 25.333941,
        "lon": 92.790487
      },
      "geometry": {
        "type": "Point",
        "coordinates": [
          92.790487,
          25.333941
        ]
      }
    },
    {
      "type": "Feature",
      "properties": {
        "id": "PT-177",
        "HAB_ID": "18080005",
        "HAB_NAME": "Haflong Fringe",
        "BLOCK_ID": 180801,
        "ROAD_CONN": true,
        "confidence": 0.564,
        "lat": 25.332958,
        "lon": 92.789217
      },
      "geometry": {
        "type": "Point",
        "coordinates": [
          92.789217,
          25.332958
        ]
      }
    },
    {
      "type": "Feature",
      "properties": {
        "id": "PT-178",
        "HAB_ID": "18080005",
        "HAB_NAME": "Haflong Fringe",
        "BLOCK_ID": 180801,
        "ROAD_CONN": true,
        "confidence": 0.661,
        "lat": 25.333228,
        "lon": 92.791355
      },
      "geometry": {
        "type": "Point",
        "coordinates": [
          92.791355,
          25.333228
        ]
      }
    },
    {
      "type": "Feature",
      "properties": {
        "id": "PT-179",
        "HAB_ID": "18080005",
        "HAB_NAME": "Haflong Fringe",
        "BLOCK_ID": 180801,
        "ROAD_CONN": true,
        "confidence": 0.634,
        "lat": 25.333062,
        "lon": 92.790331
      },
      "geometry": {
        "type": "Point",
        "coordinates": [
          92.790331,
          25.333062
        ]
      }
    },
    {
      "type": "Feature",
      "properties": {
        "id": "PT-180",
        "HAB_ID": "18080005",
        "HAB_NAME": "Haflong Fringe",
        "BLOCK_ID": 180801,
        "ROAD_CONN": true,
        "confidence": 0.603,
        "lat": 25.333106,
        "lon": 92.795457
      },
      "geometry": {
        "type": "Point",
        "coordinates": [
          92.795457,
          25.333106
        ]
      }
    },
    {
      "type": "Feature",
      "properties": {
        "id": "PT-181",
        "HAB_ID": "18080005",
        "HAB_NAME": "Haflong Fringe",
        "BLOCK_ID": 180801,
        "ROAD_CONN": true,
        "confidence": 0.6,
        "lat": 25.334643,
        "lon": 92.790323
      },
      "geometry": {
        "type": "Point",
        "coordinates": [
          92.790323,
          25.334643
        ]
      }
    },
    {
      "type": "Feature",
      "properties": {
        "id": "PT-182",
        "HAB_ID": "18080005",
        "HAB_NAME": "Haflong Fringe",
        "BLOCK_ID": 180801,
        "ROAD_CONN": true,
        "confidence": 0.599,
        "lat": 25.334135,
        "lon": 92.787538
      },
      "geometry": {
        "type": "Point",
        "coordinates": [
          92.787538,
          25.334135
        ]
      }
    },
    {
      "type": "Feature",
      "properties": {
        "id": "PT-183",
        "HAB_ID": "18080005",
        "HAB_NAME": "Haflong Fringe",
        "BLOCK_ID": 180801,
        "ROAD_CONN": true,
        "confidence": 0.605,
        "lat": 25.3336,
        "lon": 92.792777
      },
      "geometry": {
        "type": "Point",
        "coordinates": [
          92.792777,
          25.3336
        ]
      }
    },
    {
      "type": "Feature",
      "properties": {
        "id": "PT-184",
        "HAB_ID": "18080005",
        "HAB_NAME": "Haflong Fringe",
        "BLOCK_ID": 180801,
        "ROAD_CONN": true,
        "confidence": 0.614,
        "lat": 25.333128,
        "lon": 92.79232
      },
      "geometry": {
        "type": "Point",
        "coordinates": [
          92.79232,
          25.333128
        ]
      }
    },
    {
      "type": "Feature",
      "properties": {
        "id": "PT-185",
        "HAB_ID": "18080005",
        "HAB_NAME": "Haflong Fringe",
        "BLOCK_ID": 180801,
        "ROAD_CONN": true,
        "confidence": 0.669,
        "lat": 25.33331,
        "lon": 92.790633
      },
      "geometry": {
        "type": "Point",
        "coordinates": [
          92.790633,
          25.33331
        ]
      }
    },
    {
      "type": "Feature",
      "properties": {
        "id": "PT-186",
        "HAB_ID": "18080005",
        "HAB_NAME": "Haflong Fringe",
        "BLOCK_ID": 180801,
        "ROAD_CONN": true,
        "confidence": 0.558,
        "lat": 25.33462,
        "lon": 92.791925
      },
      "geometry": {
        "type": "Point",
        "coordinates": [
          92.791925,
          25.33462
        ]
      }
    },
    {
      "type": "Feature",
      "properties": {
        "id": "PT-187",
        "HAB_ID": "18080005",
        "HAB_NAME": "Haflong Fringe",
        "BLOCK_ID": 180801,
        "ROAD_CONN": true,
        "confidence": 0.571,
        "lat": 25.333421,
        "lon": 92.790786
      },
      "geometry": {
        "type": "Point",
        "coordinates": [
          92.790786,
          25.333421
        ]
      }
    },
    {
      "type": "Feature",
      "properties": {
        "id": "PT-188",
        "HAB_ID": "18080005",
        "HAB_NAME": "Haflong Fringe",
        "BLOCK_ID": 180801,
        "ROAD_CONN": true,
        "confidence": 0.685,
        "lat": 25.334069,
        "lon": 92.790556
      },
      "geometry": {
        "type": "Point",
        "coordinates": [
          92.790556,
          25.334069
        ]
      }
    },
    {
      "type": "Feature",
      "properties": {
        "id": "PT-189",
        "HAB_ID": "18080005",
        "HAB_NAME": "Haflong Fringe",
        "BLOCK_ID": 180801,
        "ROAD_CONN": true,
        "confidence": 0.63,
        "lat": 25.333182,
        "lon": 92.788153
      },
      "geometry": {
        "type": "Point",
        "coordinates": [
          92.788153,
          25.333182
        ]
      }
    },
    {
      "type": "Feature",
      "properties": {
        "id": "PT-190",
        "HAB_ID": "18080005",
        "HAB_NAME": "Haflong Fringe",
        "BLOCK_ID": 180801,
        "ROAD_CONN": true,
        "confidence": 0.602,
        "lat": 25.333695,
        "lon": 92.791041
      },
      "geometry": {
        "type": "Point",
        "coordinates": [
          92.791041,
          25.333695
        ]
      }
    },
    {
      "type": "Feature",
      "properties": {
        "id": "PT-191",
        "HAB_ID": "18080005",
        "HAB_NAME": "Haflong Fringe",
        "BLOCK_ID": 180801,
        "ROAD_CONN": true,
        "confidence": 0.651,
        "lat": 25.333395,
        "lon": 92.791794
      },
      "geometry": {
        "type": "Point",
        "coordinates": [
          92.791794,
          25.333395
        ]
      }
    },
    {
      "type": "Feature",
      "properties": {
        "id": "PT-192",
        "HAB_ID": "18080005",
        "HAB_NAME": "Haflong Fringe",
        "BLOCK_ID": 180801,
        "ROAD_CONN": true,
        "confidence": 0.681,
        "lat": 25.333156,
        "lon": 92.79177
      },
      "geometry": {
        "type": "Point",
        "coordinates": [
          92.79177,
          25.333156
        ]
      }
    },
    {
      "type": "Feature",
      "properties": {
        "id": "PT-193",
        "HAB_ID": "18080005",
        "HAB_NAME": "Haflong Fringe",
        "BLOCK_ID": 180801,
        "ROAD_CONN": true,
        "confidence": 0.622,
        "lat": 25.334593,
        "lon": 92.791897
      },
      "geometry": {
        "type": "Point",
        "coordinates": [
          92.791897,
          25.334593
        ]
      }
    },
    {
      "type": "Feature",
      "properties": {
        "id": "PT-194",
        "HAB_ID": "18080005",
        "HAB_NAME": "Haflong Fringe",
        "BLOCK_ID": 180801,
        "ROAD_CONN": true,
        "confidence": 0.639,
        "lat": 25.33398,
        "lon": 92.791679
      },
      "geometry": {
        "type": "Point",
        "coordinates": [
          92.791679,
          25.33398
        ]
      }
    },
    {
      "type": "Feature",
      "properties": {
        "id": "PT-195",
        "HAB_ID": "18080005",
        "HAB_NAME": "Haflong Fringe",
        "BLOCK_ID": 180801,
        "ROAD_CONN": true,
        "confidence": 0.534,
        "lat": 25.333399,
        "lon": 92.790193
      },
      "geometry": {
        "type": "Point",
        "coordinates": [
          92.790193,
          25.333399
        ]
      }
    },
    {
      "type": "Feature",
      "properties": {
        "id": "PT-196",
        "HAB_ID": "18080005",
        "HAB_NAME": "Haflong Fringe",
        "BLOCK_ID": 180801,
        "ROAD_CONN": true,
        "confidence": 0.639,
        "lat": 25.333902,
        "lon": 92.791212
      },
      "geometry": {
        "type": "Point",
        "coordinates": [
          92.791212,
          25.333902
        ]
      }
    },
    {
      "type": "Feature",
      "properties": {
        "id": "PT-197",
        "HAB_ID": "18080005",
        "HAB_NAME": "Haflong Fringe",
        "BLOCK_ID": 180801,
        "ROAD_CONN": true,
        "confidence": 0.664,
        "lat": 25.333439,
        "lon": 92.791875
      },
      "geometry": {
        "type": "Point",
        "coordinates": [
          92.791875,
          25.333439
        ]
      }
    },
    {
      "type": "Feature",
      "properties": {
        "id": "PT-198",
        "HAB_ID": "18080005",
        "HAB_NAME": "Haflong Fringe",
        "BLOCK_ID": 180801,
        "ROAD_CONN": true,
        "confidence": 0.659,
        "lat": 25.333141,
        "lon": 92.792103
      },
      "geometry": {
        "type": "Point",
        "coordinates": [
          92.792103,
          25.333141
        ]
      }
    },
    {
      "type": "Feature",
      "properties": {
        "id": "PT-199",
        "HAB_ID": "18080005",
        "HAB_NAME": "Haflong Fringe",
        "BLOCK_ID": 180801,
        "ROAD_CONN": true,
        "confidence": 0.598,
        "lat": 25.333674,
        "lon": 92.789907
      },
      "geometry": {
        "type": "Point",
        "coordinates": [
          92.789907,
          25.333674
        ]
      }
    },
    {
      "type": "Feature",
      "properties": {
        "id": "PT-200",
        "HAB_ID": "18080005",
        "HAB_NAME": "Haflong Fringe",
        "BLOCK_ID": 180801,
        "ROAD_CONN": true,
        "confidence": 0.614,
        "lat": 25.334244,
        "lon": 92.79035
      },
      "geometry": {
        "type": "Point",
        "coordinates": [
          92.79035,
          25.334244
        ]
      }
    },
    {
      "type": "Feature",
      "properties": {
        "id": "PT-201",
        "HAB_ID": "18080005",
        "HAB_NAME": "Haflong Fringe",
        "BLOCK_ID": 180801,
        "ROAD_CONN": true,
        "confidence": 0.623,
        "lat": 25.332492,
        "lon": 92.790699
      },
      "geometry": {
        "type": "Point",
        "coordinates": [
          92.790699,
          25.332492
        ]
      }
    },
    {
      "type": "Feature",
      "properties": {
        "id": "PT-202",
        "HAB_ID": "18080005",
        "HAB_NAME": "Haflong Fringe",
        "BLOCK_ID": 180801,
        "ROAD_CONN": true,
        "confidence": 0.684,
        "lat": 25.333716,
        "lon": 92.790523
      },
      "geometry": {
        "type": "Point",
        "coordinates": [
          92.790523,
          25.333716
        ]
      }
    },
    {
      "type": "Feature",
      "properties": {
        "id": "PT-203",
        "HAB_ID": "18080005",
        "HAB_NAME": "Haflong Fringe",
        "BLOCK_ID": 180801,
        "ROAD_CONN": true,
        "confidence": 0.579,
        "lat": 25.333054,
        "lon": 92.791763
      },
      "geometry": {
        "type": "Point",
        "coordinates": [
          92.791763,
          25.333054
        ]
      }
    },
    {
      "type": "Feature",
      "properties": {
        "id": "PT-204",
        "HAB_ID": "18080005",
        "HAB_NAME": "Haflong Fringe",
        "BLOCK_ID": 180801,
        "ROAD_CONN": true,
        "confidence": 0.575,
        "lat": 25.332932,
        "lon": 92.790335
      },
      "geometry": {
        "type": "Point",
        "coordinates": [
          92.790335,
          25.332932
        ]
      }
    },
    {
      "type": "Feature",
      "properties": {
        "id": "PT-205",
        "HAB_ID": "18080005",
        "HAB_NAME": "Haflong Fringe",
        "BLOCK_ID": 180801,
        "ROAD_CONN": true,
        "confidence": 0.674,
        "lat": 25.334714,
        "lon": 92.791468
      },
      "geometry": {
        "type": "Point",
        "coordinates": [
          92.791468,
          25.334714
        ]
      }
    },
    {
      "type": "Feature",
      "properties": {
        "id": "PT-206",
        "HAB_ID": "18080005",
        "HAB_NAME": "Haflong Fringe",
        "BLOCK_ID": 180801,
        "ROAD_CONN": true,
        "confidence": 0.579,
        "lat": 25.33438,
        "lon": 92.786763
      },
      "geometry": {
        "type": "Point",
        "coordinates": [
          92.786763,
          25.33438
        ]
      }
    },
    {
      "type": "Feature",
      "properties": {
        "id": "PT-207",
        "HAB_ID": "18080005",
        "HAB_NAME": "Haflong Fringe",
        "BLOCK_ID": 180801,
        "ROAD_CONN": true,
        "confidence": 0.569,
        "lat": 25.333724,
        "lon": 92.790449
      },
      "geometry": {
        "type": "Point",
        "coordinates": [
          92.790449,
          25.333724
        ]
      }
    },
    {
      "type": "Feature",
      "properties": {
        "id": "PT-208",
        "HAB_ID": "18080005",
        "HAB_NAME": "Haflong Fringe",
        "BLOCK_ID": 180801,
        "ROAD_CONN": true,
        "confidence": 0.606,
        "lat": 25.333186,
        "lon": 92.793599
      },
      "geometry": {
        "type": "Point",
        "coordinates": [
          92.793599,
          25.333186
        ]
      }
    },
    {
      "type": "Feature",
      "properties": {
        "id": "PT-209",
        "HAB_ID": "18080005",
        "HAB_NAME": "Haflong Fringe",
        "BLOCK_ID": 180801,
        "ROAD_CONN": true,
        "confidence": 0.681,
        "lat": 25.333862,
        "lon": 92.78976
      },
      "geometry": {
        "type": "Point",
        "coordinates": [
          92.78976,
          25.333862
        ]
      }
    },
    {
      "type": "Feature",
      "properties": {
        "id": "PT-210",
        "HAB_ID": "18080005",
        "HAB_NAME": "Haflong Fringe",
        "BLOCK_ID": 180801,
        "ROAD_CONN": true,
        "confidence": 0.648,
        "lat": 25.333357,
        "lon": 92.790451
      },
      "geometry": {
        "type": "Point",
        "coordinates": [
          92.790451,
          25.333357
        ]
      }
    },
    {
      "type": "Feature",
      "properties": {
        "id": "PT-211",
        "HAB_ID": "18080005",
        "HAB_NAME": "Haflong Fringe",
        "BLOCK_ID": 180801,
        "ROAD_CONN": true,
        "confidence": 0.566,
        "lat": 25.333588,
        "lon": 92.790013
      },
      "geometry": {
        "type": "Point",
        "coordinates": [
          92.790013,
          25.333588
        ]
      }
    },
    {
      "type": "Feature",
      "properties": {
        "id": "PT-212",
        "HAB_ID": "18080005",
        "HAB_NAME": "Haflong Fringe",
        "BLOCK_ID": 180801,
        "ROAD_CONN": true,
        "confidence": 0.605,
        "lat": 25.333091,
        "lon": 92.792489
      },
      "geometry": {
        "type": "Point",
        "coordinates": [
          92.792489,
          25.333091
        ]
      }
    },
    {
      "type": "Feature",
      "properties": {
        "id": "PT-213",
        "HAB_ID": "18080005",
        "HAB_NAME": "Haflong Fringe",
        "BLOCK_ID": 180801,
        "ROAD_CONN": true,
        "confidence": 0.658,
        "lat": 25.333821,
        "lon": 92.793043
      },
      "geometry": {
        "type": "Point",
        "coordinates": [
          92.793043,
          25.333821
        ]
      }
    },
    {
      "type": "Feature",
      "properties": {
        "id": "PT-214",
        "HAB_ID": "18080005",
        "HAB_NAME": "Haflong Fringe",
        "BLOCK_ID": 180801,
        "ROAD_CONN": true,
        "confidence": 0.628,
        "lat": 25.333578,
        "lon": 92.791597
      },
      "geometry": {
        "type": "Point",
        "coordinates": [
          92.791597,
          25.333578
        ]
      }
    },
    {
      "type": "Feature",
      "properties": {
        "id": "PT-215",
        "HAB_ID": "18080005",
        "HAB_NAME": "Haflong Fringe",
        "BLOCK_ID": 180801,
        "ROAD_CONN": true,
        "confidence": 0.691,
        "lat": 25.333814,
        "lon": 92.792352
      },
      "geometry": {
        "type": "Point",
        "coordinates": [
          92.792352,
          25.333814
        ]
      }
    },
    {
      "type": "Feature",
      "properties": {
        "id": "PT-216",
        "HAB_ID": "18080005",
        "HAB_NAME": "Haflong Fringe",
        "BLOCK_ID": 180801,
        "ROAD_CONN": true,
        "confidence": 0.621,
        "lat": 25.333807,
        "lon": 92.791056
      },
      "geometry": {
        "type": "Point",
        "coordinates": [
          92.791056,
          25.333807
        ]
      }
    },
    {
      "type": "Feature",
      "properties": {
        "id": "PT-217",
        "HAB_ID": "18080005",
        "HAB_NAME": "Haflong Fringe",
        "BLOCK_ID": 180801,
        "ROAD_CONN": true,
        "confidence": 0.621,
        "lat": 25.333033,
        "lon": 92.792186
      },
      "geometry": {
        "type": "Point",
        "coordinates": [
          92.792186,
          25.333033
        ]
      }
    },
    {
      "type": "Feature",
      "properties": {
        "id": "PT-218",
        "HAB_ID": "18080005",
        "HAB_NAME": "Haflong Fringe",
        "BLOCK_ID": 180801,
        "ROAD_CONN": true,
        "confidence": 0.537,
        "lat": 25.334009,
        "lon": 92.791086
      },
      "geometry": {
        "type": "Point",
        "coordinates": [
          92.791086,
          25.334009
        ]
      }
    },
    {
      "type": "Feature",
      "properties": {
        "id": "PT-219",
        "HAB_ID": "18080005",
        "HAB_NAME": "Haflong Fringe",
        "BLOCK_ID": 180801,
        "ROAD_CONN": true,
        "confidence": 0.616,
        "lat": 25.333993,
        "lon": 92.794428
      },
      "geometry": {
        "type": "Point",
        "coordinates": [
          92.794428,
          25.333993
        ]
      }
    },
    {
      "type": "Feature",
      "properties": {
        "id": "PT-220",
        "HAB_ID": "18080005",
        "HAB_NAME": "Haflong Fringe",
        "BLOCK_ID": 180801,
        "ROAD_CONN": true,
        "confidence": 0.661,
        "lat": 25.333153,
        "lon": 92.791855
      },
      "geometry": {
        "type": "Point",
        "coordinates": [
          92.791855,
          25.333153
        ]
      }
    },
    {
      "type": "Feature",
      "properties": {
        "id": "PT-221",
        "HAB_ID": "18080005",
        "HAB_NAME": "Haflong Fringe",
        "BLOCK_ID": 180801,
        "ROAD_CONN": true,
        "confidence": 0.627,
        "lat": 25.334135,
        "lon": 92.790806
      },
      "geometry": {
        "type": "Point",
        "coordinates": [
          92.790806,
          25.334135
        ]
      }
    },
    {
      "type": "Feature",
      "properties": {
        "id": "PT-222",
        "HAB_ID": "18080005",
        "HAB_NAME": "Haflong Fringe",
        "BLOCK_ID": 180801,
        "ROAD_CONN": true,
        "confidence": 0.586,
        "lat": 25.335213,
        "lon": 92.788666
      },
      "geometry": {
        "type": "Point",
        "coordinates": [
          92.788666,
          25.335213
        ]
      }
    },
    {
      "type": "Feature",
      "properties": {
        "id": "PT-223",
        "HAB_ID": "18080005",
        "HAB_NAME": "Haflong Fringe",
        "BLOCK_ID": 180801,
        "ROAD_CONN": true,
        "confidence": 0.721,
        "lat": 25.334544,
        "lon": 92.791497
      },
      "geometry": {
        "type": "Point",
        "coordinates": [
          92.791497,
          25.334544
        ]
      }
    },
    {
      "type": "Feature",
      "properties": {
        "id": "PT-224",
        "HAB_ID": "18080005",
        "HAB_NAME": "Haflong Fringe",
        "BLOCK_ID": 180801,
        "ROAD_CONN": true,
        "confidence": 0.524,
        "lat": 25.33404,
        "lon": 92.788178
      },
      "geometry": {
        "type": "Point",
        "coordinates": [
          92.788178,
          25.33404
        ]
      }
    },
    {
      "type": "Feature",
      "properties": {
        "id": "PT-225",
        "HAB_ID": "18080005",
        "HAB_NAME": "Haflong Fringe",
        "BLOCK_ID": 180801,
        "ROAD_CONN": true,
        "confidence": 0.597,
        "lat": 25.334175,
        "lon": 92.791363
      },
      "geometry": {
        "type": "Point",
        "coordinates": [
          92.791363,
          25.334175
        ]
      }
    },
    {
      "type": "Feature",
      "properties": {
        "id": "PT-226",
        "HAB_ID": "18080005",
        "HAB_NAME": "Haflong Fringe",
        "BLOCK_ID": 180801,
        "ROAD_CONN": true,
        "confidence": 0.662,
        "lat": 25.333422,
        "lon": 92.790937
      },
      "geometry": {
        "type": "Point",
        "coordinates": [
          92.790937,
          25.333422
        ]
      }
    },
    {
      "type": "Feature",
      "properties": {
        "id": "PT-227",
        "HAB_ID": "18080005",
        "HAB_NAME": "Haflong Fringe",
        "BLOCK_ID": 180801,
        "ROAD_CONN": true,
        "confidence": 0.605,
        "lat": 25.333177,
        "lon": 92.792421
      },
      "geometry": {
        "type": "Point",
        "coordinates": [
          92.792421,
          25.333177
        ]
      }
    },
    {
      "type": "Feature",
      "properties": {
        "id": "PT-228",
        "HAB_ID": "18080005",
        "HAB_NAME": "Haflong Fringe",
        "BLOCK_ID": 180801,
        "ROAD_CONN": true,
        "confidence": 0.666,
        "lat": 25.333603,
        "lon": 92.790506
      },
      "geometry": {
        "type": "Point",
        "coordinates": [
          92.790506,
          25.333603
        ]
      }
    },
    {
      "type": "Feature",
      "properties": {
        "id": "PT-229",
        "HAB_ID": "18080005",
        "HAB_NAME": "Haflong Fringe",
        "BLOCK_ID": 180801,
        "ROAD_CONN": true,
        "confidence": 0.576,
        "lat": 25.333515,
        "lon": 92.791768
      },
      "geometry": {
        "type": "Point",
        "coordinates": [
          92.791768,
          25.333515
        ]
      }
    },
    {
      "type": "Feature",
      "properties": {
        "id": "PT-230",
        "HAB_ID": "18080005",
        "HAB_NAME": "Haflong Fringe",
        "BLOCK_ID": 180801,
        "ROAD_CONN": true,
        "confidence": 0.594,
        "lat": 25.332669,
        "lon": 92.792465
      },
      "geometry": {
        "type": "Point",
        "coordinates": [
          92.792465,
          25.332669
        ]
      }
    },
    {
      "type": "Feature",
      "properties": {
        "id": "PT-231",
        "HAB_ID": "18080005",
        "HAB_NAME": "Haflong Fringe",
        "BLOCK_ID": 180801,
        "ROAD_CONN": true,
        "confidence": 0.596,
        "lat": 25.333791,
        "lon": 92.790382
      },
      "geometry": {
        "type": "Point",
        "coordinates": [
          92.790382,
          25.333791
        ]
      }
    },
    {
      "type": "Feature",
      "properties": {
        "id": "PT-232",
        "HAB_ID": "18080005",
        "HAB_NAME": "Haflong Fringe",
        "BLOCK_ID": 180801,
        "ROAD_CONN": true,
        "confidence": 0.591,
        "lat": 25.332441,
        "lon": 92.792523
      },
      "geometry": {
        "type": "Point",
        "coordinates": [
          92.792523,
          25.332441
        ]
      }
    },
    {
      "type": "Feature",
      "properties": {
        "id": "PT-233",
        "HAB_ID": "18080005",
        "HAB_NAME": "Haflong Fringe",
        "BLOCK_ID": 180801,
        "ROAD_CONN": true,
        "confidence": 0.557,
        "lat": 25.334025,
        "lon": 92.79115
      },
      "geometry": {
        "type": "Point",
        "coordinates": [
          92.79115,
          25.334025
        ]
      }
    },
    {
      "type": "Feature",
      "properties": {
        "id": "PT-234",
        "HAB_ID": "18080005",
        "HAB_NAME": "Haflong Fringe",
        "BLOCK_ID": 180801,
        "ROAD_CONN": true,
        "confidence": 0.642,
        "lat": 25.334278,
        "lon": 92.795019
      },
      "geometry": {
        "type": "Point",
        "coordinates": [
          92.795019,
          25.334278
        ]
      }
    },
    {
      "type": "Feature",
      "properties": {
        "id": "PT-235",
        "HAB_ID": "18080005",
        "HAB_NAME": "Haflong Fringe",
        "BLOCK_ID": 180801,
        "ROAD_CONN": true,
        "confidence": 0.652,
        "lat": 25.333397,
        "lon": 92.790332
      },
      "geometry": {
        "type": "Point",
        "coordinates": [
          92.790332,
          25.333397
        ]
      }
    },
    {
      "type": "Feature",
      "properties": {
        "id": "PT-236",
        "HAB_ID": "18080005",
        "HAB_NAME": "Haflong Fringe",
        "BLOCK_ID": 180801,
        "ROAD_CONN": true,
        "confidence": 0.576,
        "lat": 25.333329,
        "lon": 92.79213
      },
      "geometry": {
        "type": "Point",
        "coordinates": [
          92.79213,
          25.333329
        ]
      }
    },
    {
      "type": "Feature",
      "properties": {
        "id": "PT-237",
        "HAB_ID": "18080005",
        "HAB_NAME": "Haflong Fringe",
        "BLOCK_ID": 180801,
        "ROAD_CONN": true,
        "confidence": 0.612,
        "lat": 25.333531,
        "lon": 92.79311
      },
      "geometry": {
        "type": "Point",
        "coordinates": [
          92.79311,
          25.333531
        ]
      }
    },
    {
      "type": "Feature",
      "properties": {
        "id": "PT-238",
        "HAB_ID": "18080005",
        "HAB_NAME": "Haflong Fringe",
        "BLOCK_ID": 180801,
        "ROAD_CONN": true,
        "confidence": 0.584,
        "lat": 25.333589,
        "lon": 92.790379
      },
      "geometry": {
        "type": "Point",
        "coordinates": [
          92.790379,
          25.333589
        ]
      }
    },
    {
      "type": "Feature",
      "properties": {
        "id": "PT-239",
        "HAB_ID": "18080005",
        "HAB_NAME": "Haflong Fringe",
        "BLOCK_ID": 180801,
        "ROAD_CONN": true,
        "confidence": 0.588,
        "lat": 25.334232,
        "lon": 92.788548
      },
      "geometry": {
        "type": "Point",
        "coordinates": [
          92.788548,
          25.334232
        ]
      }
    },
    {
      "type": "Feature",
      "properties": {
        "id": "PT-240",
        "HAB_ID": "18080005",
        "HAB_NAME": "Haflong Fringe",
        "BLOCK_ID": 180801,
        "ROAD_CONN": true,
        "confidence": 0.664,
        "lat": 25.33382,
        "lon": 92.793905
      },
      "geometry": {
        "type": "Point",
        "coordinates": [
          92.793905,
          25.33382
        ]
      }
    },
    {
      "type": "Feature",
      "properties": {
        "id": "PT-241",
        "HAB_ID": "18080005",
        "HAB_NAME": "Haflong Fringe",
        "BLOCK_ID": 180801,
        "ROAD_CONN": true,
        "confidence": 0.65,
        "lat": 25.333454,
        "lon": 92.792341
      },
      "geometry": {
        "type": "Point",
        "coordinates": [
          92.792341,
          25.333454
        ]
      }
    },
    {
      "type": "Feature",
      "properties": {
        "id": "PT-242",
        "HAB_ID": "18080005",
        "HAB_NAME": "Haflong Fringe",
        "BLOCK_ID": 180801,
        "ROAD_CONN": true,
        "confidence": 0.625,
        "lat": 25.332845,
        "lon": 92.791078
      },
      "geometry": {
        "type": "Point",
        "coordinates": [
          92.791078,
          25.332845
        ]
      }
    },
    {
      "type": "Feature",
      "properties": {
        "id": "PT-243",
        "HAB_ID": "18080005",
        "HAB_NAME": "Haflong Fringe",
        "BLOCK_ID": 180801,
        "ROAD_CONN": true,
        "confidence": 0.585,
        "lat": 25.334087,
        "lon": 92.789858
      },
      "geometry": {
        "type": "Point",
        "coordinates": [
          92.789858,
          25.334087
        ]
      }
    },
    {
      "type": "Feature",
      "properties": {
        "id": "PT-244",
        "HAB_ID": "18080005",
        "HAB_NAME": "Haflong Fringe",
        "BLOCK_ID": 180801,
        "ROAD_CONN": true,
        "confidence": 0.68,
        "lat": 25.333606,
        "lon": 92.790111
      },
      "geometry": {
        "type": "Point",
        "coordinates": [
          92.790111,
          25.333606
        ]
      }
    },
    {
      "type": "Feature",
      "properties": {
        "id": "PT-245",
        "HAB_ID": "18080005",
        "HAB_NAME": "Haflong Fringe",
        "BLOCK_ID": 180801,
        "ROAD_CONN": true,
        "confidence": 0.603,
        "lat": 25.333518,
        "lon": 92.791663
      },
      "geometry": {
        "type": "Point",
        "coordinates": [
          92.791663,
          25.333518
        ]
      }
    },
    {
      "type": "Feature",
      "properties": {
        "id": "PT-246",
        "HAB_ID": "18080005",
        "HAB_NAME": "Haflong Fringe",
        "BLOCK_ID": 180801,
        "ROAD_CONN": true,
        "confidence": 0.517,
        "lat": 25.33382,
        "lon": 92.788462
      },
      "geometry": {
        "type": "Point",
        "coordinates": [
          92.788462,
          25.33382
        ]
      }
    },
    {
      "type": "Feature",
      "properties": {
        "id": "PT-247",
        "HAB_ID": "18080005",
        "HAB_NAME": "Haflong Fringe",
        "BLOCK_ID": 180801,
        "ROAD_CONN": true,
        "confidence": 0.544,
        "lat": 25.333154,
        "lon": 92.794402
      },
      "geometry": {
        "type": "Point",
        "coordinates": [
          92.794402,
          25.333154
        ]
      }
    },
    {
      "type": "Feature",
      "properties": {
        "id": "PT-248",
        "HAB_ID": "18080005",
        "HAB_NAME": "Haflong Fringe",
        "BLOCK_ID": 180801,
        "ROAD_CONN": true,
        "confidence": 0.601,
        "lat": 25.332601,
        "lon": 92.791203
      },
      "geometry": {
        "type": "Point",
        "coordinates": [
          92.791203,
          25.332601
        ]
      }
    },
    {
      "type": "Feature",
      "properties": {
        "id": "PT-249",
        "HAB_ID": "18080005",
        "HAB_NAME": "Haflong Fringe",
        "BLOCK_ID": 180801,
        "ROAD_CONN": true,
        "confidence": 0.552,
        "lat": 25.335084,
        "lon": 92.791902
      },
      "geometry": {
        "type": "Point",
        "coordinates": [
          92.791902,
          25.335084
        ]
      }
    },
    {
      "type": "Feature",
      "properties": {
        "id": "PT-250",
        "HAB_ID": "18080005",
        "HAB_NAME": "Haflong Fringe",
        "BLOCK_ID": 180801,
        "ROAD_CONN": true,
        "confidence": 0.536,
        "lat": 25.334401,
        "lon": 92.792149
      },
      "geometry": {
        "type": "Point",
        "coordinates": [
          92.792149,
          25.334401
        ]
      }
    },
    {
      "type": "Feature",
      "properties": {
        "id": "PT-251",
        "HAB_ID": "18080005",
        "HAB_NAME": "Haflong Fringe",
        "BLOCK_ID": 180801,
        "ROAD_CONN": true,
        "confidence": 0.579,
        "lat": 25.333107,
        "lon": 92.790081
      },
      "geometry": {
        "type": "Point",
        "coordinates": [
          92.790081,
          25.333107
        ]
      }
    },
    {
      "type": "Feature",
      "properties": {
        "id": "PT-252",
        "HAB_ID": "18080005",
        "HAB_NAME": "Haflong Fringe",
        "BLOCK_ID": 180801,
        "ROAD_CONN": true,
        "confidence": 0.636,
        "lat": 25.335386,
        "lon": 92.789201
      },
      "geometry": {
        "type": "Point",
        "coordinates": [
          92.789201,
          25.335386
        ]
      }
    },
    {
      "type": "Feature",
      "properties": {
        "id": "PT-253",
        "HAB_ID": "18080005",
        "HAB_NAME": "Haflong Fringe",
        "BLOCK_ID": 180801,
        "ROAD_CONN": true,
        "confidence": 0.612,
        "lat": 25.33367,
        "lon": 92.792297
      },
      "geometry": {
        "type": "Point",
        "coordinates": [
          92.792297,
          25.33367
        ]
      }
    },
    {
      "type": "Feature",
      "properties": {
        "id": "PT-254",
        "HAB_ID": "18080005",
        "HAB_NAME": "Haflong Fringe",
        "BLOCK_ID": 180801,
        "ROAD_CONN": true,
        "confidence": 0.599,
        "lat": 25.334595,
        "lon": 92.790735
      },
      "geometry": {
        "type": "Point",
        "coordinates": [
          92.790735,
          25.334595
        ]
      }
    },
    {
      "type": "Feature",
      "properties": {
        "id": "PT-255",
        "HAB_ID": "18080005",
        "HAB_NAME": "Haflong Fringe",
        "BLOCK_ID": 180801,
        "ROAD_CONN": true,
        "confidence": 0.632,
        "lat": 25.334794,
        "lon": 92.791269
      },
      "geometry": {
        "type": "Point",
        "coordinates": [
          92.791269,
          25.334794
        ]
      }
    },
    {
      "type": "Feature",
      "properties": {
        "id": "PT-256",
        "HAB_ID": "18080005",
        "HAB_NAME": "Haflong Fringe",
        "BLOCK_ID": 180801,
        "ROAD_CONN": true,
        "confidence": 0.561,
        "lat": 25.333503,
        "lon": 92.793828
      },
      "geometry": {
        "type": "Point",
        "coordinates": [
          92.793828,
          25.333503
        ]
      }
    },
    {
      "type": "Feature",
      "properties": {
        "id": "PT-257",
        "HAB_ID": "18080005",
        "HAB_NAME": "Haflong Fringe",
        "BLOCK_ID": 180801,
        "ROAD_CONN": true,
        "confidence": 0.637,
        "lat": 25.333884,
        "lon": 92.789754
      },
      "geometry": {
        "type": "Point",
        "coordinates": [
          92.789754,
          25.333884
        ]
      }
    },
    {
      "type": "Feature",
      "properties": {
        "id": "PT-258",
        "HAB_ID": "18080005",
        "HAB_NAME": "Haflong Fringe",
        "BLOCK_ID": 180801,
        "ROAD_CONN": true,
        "confidence": 0.626,
        "lat": 25.332136,
        "lon": 92.789937
      },
      "geometry": {
        "type": "Point",
        "coordinates": [
          92.789937,
          25.332136
        ]
      }
    },
    {
      "type": "Feature",
      "properties": {
        "id": "PT-259",
        "HAB_ID": "18080005",
        "HAB_NAME": "Haflong Fringe",
        "BLOCK_ID": 180801,
        "ROAD_CONN": true,
        "confidence": 0.634,
        "lat": 25.334366,
        "lon": 92.790322
      },
      "geometry": {
        "type": "Point",
        "coordinates": [
          92.790322,
          25.334366
        ]
      }
    },
    {
      "type": "Feature",
      "properties": {
        "id": "PT-260",
        "HAB_ID": "18080005",
        "HAB_NAME": "Haflong Fringe",
        "BLOCK_ID": 180801,
        "ROAD_CONN": true,
        "confidence": 0.641,
        "lat": 25.333137,
        "lon": 92.792287
      },
      "geometry": {
        "type": "Point",
        "coordinates": [
          92.792287,
          25.333137
        ]
      }
    },
    {
      "type": "Feature",
      "properties": {
        "id": "PT-261",
        "HAB_ID": "18080005",
        "HAB_NAME": "Haflong Fringe",
        "BLOCK_ID": 180801,
        "ROAD_CONN": true,
        "confidence": 0.592,
        "lat": 25.3335,
        "lon": 92.793469
      },
      "geometry": {
        "type": "Point",
        "coordinates": [
          92.793469,
          25.3335
        ]
      }
    },
    {
      "type": "Feature",
      "properties": {
        "id": "PT-262",
        "HAB_ID": "18080005",
        "HAB_NAME": "Haflong Fringe",
        "BLOCK_ID": 180801,
        "ROAD_CONN": true,
        "confidence": 0.661,
        "lat": 25.333926,
        "lon": 92.791955
      },
      "geometry": {
        "type": "Point",
        "coordinates": [
          92.791955,
          25.333926
        ]
      }
    },
    {
      "type": "Feature",
      "properties": {
        "id": "PT-263",
        "HAB_ID": "18080006",
        "HAB_NAME": "Maibang Hamlet",
        "BLOCK_ID": 180802,
        "ROAD_CONN": false,
        "confidence": 0.608,
        "lat": 25.271483,
        "lon": 92.911578
      },
      "geometry": {
        "type": "Point",
        "coordinates": [
          92.911578,
          25.271483
        ]
      }
    },
    {
      "type": "Feature",
      "properties": {
        "id": "PT-264",
        "HAB_ID": "18080006",
        "HAB_NAME": "Maibang Hamlet",
        "BLOCK_ID": 180802,
        "ROAD_CONN": false,
        "confidence": 0.482,
        "lat": 25.269775,
        "lon": 92.913685
      },
      "geometry": {
        "type": "Point",
        "coordinates": [
          92.913685,
          25.269775
        ]
      }
    },
    {
      "type": "Feature",
      "properties": {
        "id": "PT-265",
        "HAB_ID": "18080006",
        "HAB_NAME": "Maibang Hamlet",
        "BLOCK_ID": 180802,
        "ROAD_CONN": false,
        "confidence": 0.576,
        "lat": 25.27125,
        "lon": 92.912352
      },
      "geometry": {
        "type": "Point",
        "coordinates": [
          92.912352,
          25.27125
        ]
      }
    },
    {
      "type": "Feature",
      "properties": {
        "id": "PT-266",
        "HAB_ID": "18080006",
        "HAB_NAME": "Maibang Hamlet",
        "BLOCK_ID": 180802,
        "ROAD_CONN": false,
        "confidence": 0.537,
        "lat": 25.271336,
        "lon": 92.914457
      },
      "geometry": {
        "type": "Point",
        "coordinates": [
          92.914457,
          25.271336
        ]
      }
    },
    {
      "type": "Feature",
      "properties": {
        "id": "PT-267",
        "HAB_ID": "18080006",
        "HAB_NAME": "Maibang Hamlet",
        "BLOCK_ID": 180802,
        "ROAD_CONN": false,
        "confidence": 0.552,
        "lat": 25.271423,
        "lon": 92.90963
      },
      "geometry": {
        "type": "Point",
        "coordinates": [
          92.90963,
          25.271423
        ]
      }
    },
    {
      "type": "Feature",
      "properties": {
        "id": "PT-268",
        "HAB_ID": "18080006",
        "HAB_NAME": "Maibang Hamlet",
        "BLOCK_ID": 180802,
        "ROAD_CONN": false,
        "confidence": 0.571,
        "lat": 25.270749,
        "lon": 92.910885
      },
      "geometry": {
        "type": "Point",
        "coordinates": [
          92.910885,
          25.270749
        ]
      }
    },
    {
      "type": "Feature",
      "properties": {
        "id": "PT-269",
        "HAB_ID": "18080006",
        "HAB_NAME": "Maibang Hamlet",
        "BLOCK_ID": 180802,
        "ROAD_CONN": false,
        "confidence": 0.555,
        "lat": 25.272705,
        "lon": 92.909619
      },
      "geometry": {
        "type": "Point",
        "coordinates": [
          92.909619,
          25.272705
        ]
      }
    },
    {
      "type": "Feature",
      "properties": {
        "id": "PT-270",
        "HAB_ID": "18080006",
        "HAB_NAME": "Maibang Hamlet",
        "BLOCK_ID": 180802,
        "ROAD_CONN": false,
        "confidence": 0.521,
        "lat": 25.272131,
        "lon": 92.910145
      },
      "geometry": {
        "type": "Point",
        "coordinates": [
          92.910145,
          25.272131
        ]
      }
    },
    {
      "type": "Feature",
      "properties": {
        "id": "PT-271",
        "HAB_ID": "18080006",
        "HAB_NAME": "Maibang Hamlet",
        "BLOCK_ID": 180802,
        "ROAD_CONN": false,
        "confidence": 0.556,
        "lat": 25.271673,
        "lon": 92.911472
      },
      "geometry": {
        "type": "Point",
        "coordinates": [
          92.911472,
          25.271673
        ]
      }
    },
    {
      "type": "Feature",
      "properties": {
        "id": "PT-272",
        "HAB_ID": "18080006",
        "HAB_NAME": "Maibang Hamlet",
        "BLOCK_ID": 180802,
        "ROAD_CONN": false,
        "confidence": 0.605,
        "lat": 25.270401,
        "lon": 92.913302
      },
      "geometry": {
        "type": "Point",
        "coordinates": [
          92.913302,
          25.270401
        ]
      }
    },
    {
      "type": "Feature",
      "properties": {
        "id": "PT-273",
        "HAB_ID": "18080006",
        "HAB_NAME": "Maibang Hamlet",
        "BLOCK_ID": 180802,
        "ROAD_CONN": false,
        "confidence": 0.579,
        "lat": 25.270156,
        "lon": 92.914607
      },
      "geometry": {
        "type": "Point",
        "coordinates": [
          92.914607,
          25.270156
        ]
      }
    },
    {
      "type": "Feature",
      "properties": {
        "id": "PT-274",
        "HAB_ID": "18080006",
        "HAB_NAME": "Maibang Hamlet",
        "BLOCK_ID": 180802,
        "ROAD_CONN": false,
        "confidence": 0.623,
        "lat": 25.27088,
        "lon": 92.912256
      },
      "geometry": {
        "type": "Point",
        "coordinates": [
          92.912256,
          25.27088
        ]
      }
    },
    {
      "type": "Feature",
      "properties": {
        "id": "PT-275",
        "HAB_ID": "18080006",
        "HAB_NAME": "Maibang Hamlet",
        "BLOCK_ID": 180802,
        "ROAD_CONN": false,
        "confidence": 0.587,
        "lat": 25.270443,
        "lon": 92.912527
      },
      "geometry": {
        "type": "Point",
        "coordinates": [
          92.912527,
          25.270443
        ]
      }
    },
    {
      "type": "Feature",
      "properties": {
        "id": "PT-276",
        "HAB_ID": "18080006",
        "HAB_NAME": "Maibang Hamlet",
        "BLOCK_ID": 180802,
        "ROAD_CONN": false,
        "confidence": 0.49,
        "lat": 25.270507,
        "lon": 92.913309
      },
      "geometry": {
        "type": "Point",
        "coordinates": [
          92.913309,
          25.270507
        ]
      }
    },
    {
      "type": "Feature",
      "properties": {
        "id": "PT-277",
        "HAB_ID": "18080006",
        "HAB_NAME": "Maibang Hamlet",
        "BLOCK_ID": 180802,
        "ROAD_CONN": false,
        "confidence": 0.512,
        "lat": 25.270547,
        "lon": 92.912582
      },
      "geometry": {
        "type": "Point",
        "coordinates": [
          92.912582,
          25.270547
        ]
      }
    },
    {
      "type": "Feature",
      "properties": {
        "id": "PT-278",
        "HAB_ID": "18080006",
        "HAB_NAME": "Maibang Hamlet",
        "BLOCK_ID": 180802,
        "ROAD_CONN": false,
        "confidence": 0.604,
        "lat": 25.270089,
        "lon": 92.914011
      },
      "geometry": {
        "type": "Point",
        "coordinates": [
          92.914011,
          25.270089
        ]
      }
    },
    {
      "type": "Feature",
      "properties": {
        "id": "PT-279",
        "HAB_ID": "18080006",
        "HAB_NAME": "Maibang Hamlet",
        "BLOCK_ID": 180802,
        "ROAD_CONN": false,
        "confidence": 0.551,
        "lat": 25.27138,
        "lon": 92.912366
      },
      "geometry": {
        "type": "Point",
        "coordinates": [
          92.912366,
          25.27138
        ]
      }
    },
    {
      "type": "Feature",
      "properties": {
        "id": "PT-280",
        "HAB_ID": "18080006",
        "HAB_NAME": "Maibang Hamlet",
        "BLOCK_ID": 180802,
        "ROAD_CONN": false,
        "confidence": 0.542,
        "lat": 25.270931,
        "lon": 92.911334
      },
      "geometry": {
        "type": "Point",
        "coordinates": [
          92.911334,
          25.270931
        ]
      }
    },
    {
      "type": "Feature",
      "properties": {
        "id": "PT-281",
        "HAB_ID": "18080006",
        "HAB_NAME": "Maibang Hamlet",
        "BLOCK_ID": 180802,
        "ROAD_CONN": false,
        "confidence": 0.61,
        "lat": 25.27051,
        "lon": 92.914883
      },
      "geometry": {
        "type": "Point",
        "coordinates": [
          92.914883,
          25.27051
        ]
      }
    },
    {
      "type": "Feature",
      "properties": {
        "id": "PT-282",
        "HAB_ID": "18080006",
        "HAB_NAME": "Maibang Hamlet",
        "BLOCK_ID": 180802,
        "ROAD_CONN": false,
        "confidence": 0.578,
        "lat": 25.271421,
        "lon": 92.912894
      },
      "geometry": {
        "type": "Point",
        "coordinates": [
          92.912894,
          25.271421
        ]
      }
    },
    {
      "type": "Feature",
      "properties": {
        "id": "PT-283",
        "HAB_ID": "18080006",
        "HAB_NAME": "Maibang Hamlet",
        "BLOCK_ID": 180802,
        "ROAD_CONN": false,
        "confidence": 0.495,
        "lat": 25.270588,
        "lon": 92.9137
      },
      "geometry": {
        "type": "Point",
        "coordinates": [
          92.9137,
          25.270588
        ]
      }
    },
    {
      "type": "Feature",
      "properties": {
        "id": "PT-284",
        "HAB_ID": "18080006",
        "HAB_NAME": "Maibang Hamlet",
        "BLOCK_ID": 180802,
        "ROAD_CONN": false,
        "confidence": 0.448,
        "lat": 25.271554,
        "lon": 92.909592
      },
      "geometry": {
        "type": "Point",
        "coordinates": [
          92.909592,
          25.271554
        ]
      }
    },
    {
      "type": "Feature",
      "properties": {
        "id": "PT-285",
        "HAB_ID": "18080006",
        "HAB_NAME": "Maibang Hamlet",
        "BLOCK_ID": 180802,
        "ROAD_CONN": false,
        "confidence": 0.55,
        "lat": 25.270777,
        "lon": 92.912196
      },
      "geometry": {
        "type": "Point",
        "coordinates": [
          92.912196,
          25.270777
        ]
      }
    },
    {
      "type": "Feature",
      "properties": {
        "id": "PT-286",
        "HAB_ID": "18080007",
        "HAB_NAME": "Jiribam Road",
        "BLOCK_ID": 180802,
        "ROAD_CONN": true,
        "confidence": 0.2,
        "lat": 25.414207,
        "lon": 92.953047
      },
      "geometry": {
        "type": "Point",
        "coordinates": [
          92.953047,
          25.414207
        ]
      }
    },
    {
      "type": "Feature",
      "properties": {
        "id": "PT-287",
        "HAB_ID": "18080007",
        "HAB_NAME": "Jiribam Road",
        "BLOCK_ID": 180802,
        "ROAD_CONN": true,
        "confidence": 0.2,
        "lat": 25.41425,
        "lon": 92.954282
      },
      "geometry": {
        "type": "Point",
        "coordinates": [
          92.954282,
          25.41425
        ]
      }
    },
    {
      "type": "Feature",
      "properties": {
        "id": "PT-288",
        "HAB_ID": "18080007",
        "HAB_NAME": "Jiribam Road",
        "BLOCK_ID": 180802,
        "ROAD_CONN": true,
        "confidence": 0.2,
        "lat": 25.413126,
        "lon": 92.953096
      },
      "geometry": {
        "type": "Point",
        "coordinates": [
          92.953096,
          25.413126
        ]
      }
    },
    {
      "type": "Feature",
      "properties": {
        "id": "PT-289",
        "HAB_ID": "18080007",
        "HAB_NAME": "Jiribam Road",
        "BLOCK_ID": 180802,
        "ROAD_CONN": true,
        "confidence": 0.2,
        "lat": 25.413394,
        "lon": 92.953876
      },
      "geometry": {
        "type": "Point",
        "coordinates": [
          92.953876,
          25.413394
        ]
      }
    },
    {
      "type": "Feature",
      "properties": {
        "id": "PT-290",
        "HAB_ID": "18080007",
        "HAB_NAME": "Jiribam Road",
        "BLOCK_ID": 180802,
        "ROAD_CONN": true,
        "confidence": 0.2,
        "lat": 25.412742,
        "lon": 92.951551
      },
      "geometry": {
        "type": "Point",
        "coordinates": [
          92.951551,
          25.412742
        ]
      }
    },
    {
      "type": "Feature",
      "properties": {
        "id": "PT-291",
        "HAB_ID": "18080007",
        "HAB_NAME": "Jiribam Road",
        "BLOCK_ID": 180802,
        "ROAD_CONN": true,
        "confidence": 0.2,
        "lat": 25.41046,
        "lon": 92.951957
      },
      "geometry": {
        "type": "Point",
        "coordinates": [
          92.951957,
          25.41046
        ]
      }
    },
    {
      "type": "Feature",
      "properties": {
        "id": "PT-292",
        "HAB_ID": "18080007",
        "HAB_NAME": "Jiribam Road",
        "BLOCK_ID": 180802,
        "ROAD_CONN": true,
        "confidence": 0.2,
        "lat": 25.41409,
        "lon": 92.952193
      },
      "geometry": {
        "type": "Point",
        "coordinates": [
          92.952193,
          25.41409
        ]
      }
    },
    {
      "type": "Feature",
      "properties": {
        "id": "PT-293",
        "HAB_ID": "18080007",
        "HAB_NAME": "Jiribam Road",
        "BLOCK_ID": 180802,
        "ROAD_CONN": true,
        "confidence": 0.2,
        "lat": 25.41243,
        "lon": 92.951433
      },
      "geometry": {
        "type": "Point",
        "coordinates": [
          92.951433,
          25.41243
        ]
      }
    },
    {
      "type": "Feature",
      "properties": {
        "id": "PT-294",
        "HAB_ID": "18080007",
        "HAB_NAME": "Jiribam Road",
        "BLOCK_ID": 180802,
        "ROAD_CONN": true,
        "confidence": 0.2,
        "lat": 25.409482,
        "lon": 92.951488
      },
      "geometry": {
        "type": "Point",
        "coordinates": [
          92.951488,
          25.409482
        ]
      }
    },
    {
      "type": "Feature",
      "properties": {
        "id": "PT-295",
        "HAB_ID": "18080007",
        "HAB_NAME": "Jiribam Road",
        "BLOCK_ID": 180802,
        "ROAD_CONN": true,
        "confidence": 0.2,
        "lat": 25.414995,
        "lon": 92.953285
      },
      "geometry": {
        "type": "Point",
        "coordinates": [
          92.953285,
          25.414995
        ]
      }
    },
    {
      "type": "Feature",
      "properties": {
        "id": "PT-296",
        "HAB_ID": "18080007",
        "HAB_NAME": "Jiribam Road",
        "BLOCK_ID": 180802,
        "ROAD_CONN": true,
        "confidence": 0.2,
        "lat": 25.414182,
        "lon": 92.952107
      },
      "geometry": {
        "type": "Point",
        "coordinates": [
          92.952107,
          25.414182
        ]
      }
    },
    {
      "type": "Feature",
      "properties": {
        "id": "PT-297",
        "HAB_ID": "18080007",
        "HAB_NAME": "Jiribam Road",
        "BLOCK_ID": 180802,
        "ROAD_CONN": true,
        "confidence": 0.2,
        "lat": 25.414151,
        "lon": 92.954286
      },
      "geometry": {
        "type": "Point",
        "coordinates": [
          92.954286,
          25.414151
        ]
      }
    },
    {
      "type": "Feature",
      "properties": {
        "id": "PT-298",
        "HAB_ID": "18080007",
        "HAB_NAME": "Jiribam Road",
        "BLOCK_ID": 180802,
        "ROAD_CONN": true,
        "confidence": 0.2,
        "lat": 25.414675,
        "lon": 92.953052
      },
      "geometry": {
        "type": "Point",
        "coordinates": [
          92.953052,
          25.414675
        ]
      }
    },
    {
      "type": "Feature",
      "properties": {
        "id": "PT-299",
        "HAB_ID": "18080007",
        "HAB_NAME": "Jiribam Road",
        "BLOCK_ID": 180802,
        "ROAD_CONN": true,
        "confidence": 0.2,
        "lat": 25.41077,
        "lon": 92.952498
      },
      "geometry": {
        "type": "Point",
        "coordinates": [
          92.952498,
          25.41077
        ]
      }
    },
    {
      "type": "Feature",
      "properties": {
        "id": "PT-300",
        "HAB_ID": "18080007",
        "HAB_NAME": "Jiribam Road",
        "BLOCK_ID": 180802,
        "ROAD_CONN": true,
        "confidence": 0.2,
        "lat": 25.412067,
        "lon": 92.952784
      },
      "geometry": {
        "type": "Point",
        "coordinates": [
          92.952784,
          25.412067
        ]
      }
    },
    {
      "type": "Feature",
      "properties": {
        "id": "PT-301",
        "HAB_ID": "18080007",
        "HAB_NAME": "Jiribam Road",
        "BLOCK_ID": 180802,
        "ROAD_CONN": true,
        "confidence": 0.2,
        "lat": 25.412487,
        "lon": 92.951952
      },
      "geometry": {
        "type": "Point",
        "coordinates": [
          92.951952,
          25.412487
        ]
      }
    },
    {
      "type": "Feature",
      "properties": {
        "id": "PT-302",
        "HAB_ID": "18080007",
        "HAB_NAME": "Jiribam Road",
        "BLOCK_ID": 180802,
        "ROAD_CONN": true,
        "confidence": 0.2,
        "lat": 25.413242,
        "lon": 92.953312
      },
      "geometry": {
        "type": "Point",
        "coordinates": [
          92.953312,
          25.413242
        ]
      }
    },
    {
      "type": "Feature",
      "properties": {
        "id": "PT-303",
        "HAB_ID": "18080007",
        "HAB_NAME": "Jiribam Road",
        "BLOCK_ID": 180802,
        "ROAD_CONN": true,
        "confidence": 0.2,
        "lat": 25.411606,
        "lon": 92.952151
      },
      "geometry": {
        "type": "Point",
        "coordinates": [
          92.952151,
          25.411606
        ]
      }
    },
    {
      "type": "Feature",
      "properties": {
        "id": "PT-304",
        "HAB_ID": "18080008",
        "HAB_NAME": "Borlangfer",
        "BLOCK_ID": 180804,
        "ROAD_CONN": false,
        "confidence": 0.72,
        "lat": 25.442042,
        "lon": 92.620875
      },
      "geometry": {
        "type": "Point",
        "coordinates": [
          92.620875,
          25.442042
        ]
      }
    },
    {
      "type": "Feature",
      "properties": {
        "id": "PT-305",
        "HAB_ID": "18080008",
        "HAB_NAME": "Borlangfer",
        "BLOCK_ID": 180804,
        "ROAD_CONN": false,
        "confidence": 0.673,
        "lat": 25.445307,
        "lon": 92.621659
      },
      "geometry": {
        "type": "Point",
        "coordinates": [
          92.621659,
          25.445307
        ]
      }
    },
    {
      "type": "Feature",
      "properties": {
        "id": "PT-306",
        "HAB_ID": "18080008",
        "HAB_NAME": "Borlangfer",
        "BLOCK_ID": 180804,
        "ROAD_CONN": false,
        "confidence": 0.717,
        "lat": 25.442881,
        "lon": 92.621438
      },
      "geometry": {
        "type": "Point",
        "coordinates": [
          92.621438,
          25.442881
        ]
      }
    },
    {
      "type": "Feature",
      "properties": {
        "id": "PT-307",
        "HAB_ID": "18080008",
        "HAB_NAME": "Borlangfer",
        "BLOCK_ID": 180804,
        "ROAD_CONN": false,
        "confidence": 0.666,
        "lat": 25.443354,
        "lon": 92.621194
      },
      "geometry": {
        "type": "Point",
        "coordinates": [
          92.621194,
          25.443354
        ]
      }
    },
    {
      "type": "Feature",
      "properties": {
        "id": "PT-308",
        "HAB_ID": "18080008",
        "HAB_NAME": "Borlangfer",
        "BLOCK_ID": 180804,
        "ROAD_CONN": false,
        "confidence": 0.686,
        "lat": 25.443249,
        "lon": 92.621979
      },
      "geometry": {
        "type": "Point",
        "coordinates": [
          92.621979,
          25.443249
        ]
      }
    },
    {
      "type": "Feature",
      "properties": {
        "id": "PT-309",
        "HAB_ID": "18080008",
        "HAB_NAME": "Borlangfer",
        "BLOCK_ID": 180804,
        "ROAD_CONN": false,
        "confidence": 0.713,
        "lat": 25.439931,
        "lon": 92.62167
      },
      "geometry": {
        "type": "Point",
        "coordinates": [
          92.62167,
          25.439931
        ]
      }
    },
    {
      "type": "Feature",
      "properties": {
        "id": "PT-310",
        "HAB_ID": "18080008",
        "HAB_NAME": "Borlangfer",
        "BLOCK_ID": 180804,
        "ROAD_CONN": false,
        "confidence": 0.672,
        "lat": 25.444195,
        "lon": 92.621499
      },
      "geometry": {
        "type": "Point",
        "coordinates": [
          92.621499,
          25.444195
        ]
      }
    },
    {
      "type": "Feature",
      "properties": {
        "id": "PT-311",
        "HAB_ID": "18080008",
        "HAB_NAME": "Borlangfer",
        "BLOCK_ID": 180804,
        "ROAD_CONN": false,
        "confidence": 0.684,
        "lat": 25.442394,
        "lon": 92.621643
      },
      "geometry": {
        "type": "Point",
        "coordinates": [
          92.621643,
          25.442394
        ]
      }
    },
    {
      "type": "Feature",
      "properties": {
        "id": "PT-312",
        "HAB_ID": "18080008",
        "HAB_NAME": "Borlangfer",
        "BLOCK_ID": 180804,
        "ROAD_CONN": false,
        "confidence": 0.615,
        "lat": 25.442289,
        "lon": 92.621577
      },
      "geometry": {
        "type": "Point",
        "coordinates": [
          92.621577,
          25.442289
        ]
      }
    },
    {
      "type": "Feature",
      "properties": {
        "id": "PT-313",
        "HAB_ID": "18080008",
        "HAB_NAME": "Borlangfer",
        "BLOCK_ID": 180804,
        "ROAD_CONN": false,
        "confidence": 0.713,
        "lat": 25.441623,
        "lon": 92.621599
      },
      "geometry": {
        "type": "Point",
        "coordinates": [
          92.621599,
          25.441623
        ]
      }
    },
    {
      "type": "Feature",
      "properties": {
        "id": "PT-314",
        "HAB_ID": "18080008",
        "HAB_NAME": "Borlangfer",
        "BLOCK_ID": 180804,
        "ROAD_CONN": false,
        "confidence": 0.729,
        "lat": 25.440235,
        "lon": 92.622454
      },
      "geometry": {
        "type": "Point",
        "coordinates": [
          92.622454,
          25.440235
        ]
      }
    },
    {
      "type": "Feature",
      "properties": {
        "id": "PT-315",
        "HAB_ID": "18080008",
        "HAB_NAME": "Borlangfer",
        "BLOCK_ID": 180804,
        "ROAD_CONN": false,
        "confidence": 0.687,
        "lat": 25.441613,
        "lon": 92.622478
      },
      "geometry": {
        "type": "Point",
        "coordinates": [
          92.622478,
          25.441613
        ]
      }
    },
    {
      "type": "Feature",
      "properties": {
        "id": "PT-316",
        "HAB_ID": "18080008",
        "HAB_NAME": "Borlangfer",
        "BLOCK_ID": 180804,
        "ROAD_CONN": false,
        "confidence": 0.725,
        "lat": 25.442002,
        "lon": 92.622188
      },
      "geometry": {
        "type": "Point",
        "coordinates": [
          92.622188,
          25.442002
        ]
      }
    },
    {
      "type": "Feature",
      "properties": {
        "id": "PT-317",
        "HAB_ID": "18080008",
        "HAB_NAME": "Borlangfer",
        "BLOCK_ID": 180804,
        "ROAD_CONN": false,
        "confidence": 0.59,
        "lat": 25.442169,
        "lon": 92.621594
      },
      "geometry": {
        "type": "Point",
        "coordinates": [
          92.621594,
          25.442169
        ]
      }
    },
    {
      "type": "Feature",
      "properties": {
        "id": "PT-318",
        "HAB_ID": "18080008",
        "HAB_NAME": "Borlangfer",
        "BLOCK_ID": 180804,
        "ROAD_CONN": false,
        "confidence": 0.722,
        "lat": 25.441081,
        "lon": 92.621187
      },
      "geometry": {
        "type": "Point",
        "coordinates": [
          92.621187,
          25.441081
        ]
      }
    },
    {
      "type": "Feature",
      "properties": {
        "id": "PT-319",
        "HAB_ID": "18080008",
        "HAB_NAME": "Borlangfer",
        "BLOCK_ID": 180804,
        "ROAD_CONN": false,
        "confidence": 0.704,
        "lat": 25.442477,
        "lon": 92.621373
      },
      "geometry": {
        "type": "Point",
        "coordinates": [
          92.621373,
          25.442477
        ]
      }
    },
    {
      "type": "Feature",
      "properties": {
        "id": "PT-320",
        "HAB_ID": "18080008",
        "HAB_NAME": "Borlangfer",
        "BLOCK_ID": 180804,
        "ROAD_CONN": false,
        "confidence": 0.611,
        "lat": 25.442714,
        "lon": 92.621459
      },
      "geometry": {
        "type": "Point",
        "coordinates": [
          92.621459,
          25.442714
        ]
      }
    },
    {
      "type": "Feature",
      "properties": {
        "id": "PT-321",
        "HAB_ID": "18080008",
        "HAB_NAME": "Borlangfer",
        "BLOCK_ID": 180804,
        "ROAD_CONN": false,
        "confidence": 0.67,
        "lat": 25.440967,
        "lon": 92.622458
      },
      "geometry": {
        "type": "Point",
        "coordinates": [
          92.622458,
          25.440967
        ]
      }
    },
    {
      "type": "Feature",
      "properties": {
        "id": "PT-322",
        "HAB_ID": "18080008",
        "HAB_NAME": "Borlangfer",
        "BLOCK_ID": 180804,
        "ROAD_CONN": false,
        "confidence": 0.658,
        "lat": 25.439712,
        "lon": 92.622985
      },
      "geometry": {
        "type": "Point",
        "coordinates": [
          92.622985,
          25.439712
        ]
      }
    },
    {
      "type": "Feature",
      "properties": {
        "id": "PT-323",
        "HAB_ID": "18080008",
        "HAB_NAME": "Borlangfer",
        "BLOCK_ID": 180804,
        "ROAD_CONN": false,
        "confidence": 0.687,
        "lat": 25.441511,
        "lon": 92.621542
      },
      "geometry": {
        "type": "Point",
        "coordinates": [
          92.621542,
          25.441511
        ]
      }
    },
    {
      "type": "Feature",
      "properties": {
        "id": "PT-324",
        "HAB_ID": "18080008",
        "HAB_NAME": "Borlangfer",
        "BLOCK_ID": 180804,
        "ROAD_CONN": false,
        "confidence": 0.697,
        "lat": 25.441591,
        "lon": 92.621678
      },
      "geometry": {
        "type": "Point",
        "coordinates": [
          92.621678,
          25.441591
        ]
      }
    },
    {
      "type": "Feature",
      "properties": {
        "id": "PT-325",
        "HAB_ID": "18080008",
        "HAB_NAME": "Borlangfer",
        "BLOCK_ID": 180804,
        "ROAD_CONN": false,
        "confidence": 0.656,
        "lat": 25.443042,
        "lon": 92.621351
      },
      "geometry": {
        "type": "Point",
        "coordinates": [
          92.621351,
          25.443042
        ]
      }
    },
    {
      "type": "Feature",
      "properties": {
        "id": "PT-326",
        "HAB_ID": "18080008",
        "HAB_NAME": "Borlangfer",
        "BLOCK_ID": 180804,
        "ROAD_CONN": false,
        "confidence": 0.677,
        "lat": 25.440284,
        "lon": 92.621916
      },
      "geometry": {
        "type": "Point",
        "coordinates": [
          92.621916,
          25.440284
        ]
      }
    },
    {
      "type": "Feature",
      "properties": {
        "id": "PT-327",
        "HAB_ID": "18080008",
        "HAB_NAME": "Borlangfer",
        "BLOCK_ID": 180804,
        "ROAD_CONN": false,
        "confidence": 0.63,
        "lat": 25.44225,
        "lon": 92.622305
      },
      "geometry": {
        "type": "Point",
        "coordinates": [
          92.622305,
          25.44225
        ]
      }
    },
    {
      "type": "Feature",
      "properties": {
        "id": "PT-328",
        "HAB_ID": "18080008",
        "HAB_NAME": "Borlangfer",
        "BLOCK_ID": 180804,
        "ROAD_CONN": false,
        "confidence": 0.773,
        "lat": 25.442744,
        "lon": 92.621064
      },
      "geometry": {
        "type": "Point",
        "coordinates": [
          92.621064,
          25.442744
        ]
      }
    },
    {
      "type": "Feature",
      "properties": {
        "id": "PT-329",
        "HAB_ID": "18080008",
        "HAB_NAME": "Borlangfer",
        "BLOCK_ID": 180804,
        "ROAD_CONN": false,
        "confidence": 0.665,
        "lat": 25.44458,
        "lon": 92.621416
      },
      "geometry": {
        "type": "Point",
        "coordinates": [
          92.621416,
          25.44458
        ]
      }
    },
    {
      "type": "Feature",
      "properties": {
        "id": "PT-330",
        "HAB_ID": "18080008",
        "HAB_NAME": "Borlangfer",
        "BLOCK_ID": 180804,
        "ROAD_CONN": false,
        "confidence": 0.66,
        "lat": 25.445423,
        "lon": 92.621652
      },
      "geometry": {
        "type": "Point",
        "coordinates": [
          92.621652,
          25.445423
        ]
      }
    },
    {
      "type": "Feature",
      "properties": {
        "id": "PT-331",
        "HAB_ID": "18080008",
        "HAB_NAME": "Borlangfer",
        "BLOCK_ID": 180804,
        "ROAD_CONN": false,
        "confidence": 0.694,
        "lat": 25.440426,
        "lon": 92.621994
      },
      "geometry": {
        "type": "Point",
        "coordinates": [
          92.621994,
          25.440426
        ]
      }
    },
    {
      "type": "Feature",
      "properties": {
        "id": "PT-332",
        "HAB_ID": "18080008",
        "HAB_NAME": "Borlangfer",
        "BLOCK_ID": 180804,
        "ROAD_CONN": false,
        "confidence": 0.662,
        "lat": 25.442155,
        "lon": 92.621279
      },
      "geometry": {
        "type": "Point",
        "coordinates": [
          92.621279,
          25.442155
        ]
      }
    },
    {
      "type": "Feature",
      "properties": {
        "id": "PT-333",
        "HAB_ID": "18080008",
        "HAB_NAME": "Borlangfer",
        "BLOCK_ID": 180804,
        "ROAD_CONN": false,
        "confidence": 0.649,
        "lat": 25.441016,
        "lon": 92.621389
      },
      "geometry": {
        "type": "Point",
        "coordinates": [
          92.621389,
          25.441016
        ]
      }
    },
    {
      "type": "Feature",
      "properties": {
        "id": "PT-334",
        "HAB_ID": "18080008",
        "HAB_NAME": "Borlangfer",
        "BLOCK_ID": 180804,
        "ROAD_CONN": false,
        "confidence": 0.633,
        "lat": 25.439403,
        "lon": 92.623077
      },
      "geometry": {
        "type": "Point",
        "coordinates": [
          92.623077,
          25.439403
        ]
      }
    },
    {
      "type": "Feature",
      "properties": {
        "id": "PT-335",
        "HAB_ID": "18080008",
        "HAB_NAME": "Borlangfer",
        "BLOCK_ID": 180804,
        "ROAD_CONN": false,
        "confidence": 0.68,
        "lat": 25.44204,
        "lon": 92.621922
      },
      "geometry": {
        "type": "Point",
        "coordinates": [
          92.621922,
          25.44204
        ]
      }
    },
    {
      "type": "Feature",
      "properties": {
        "id": "PT-336",
        "HAB_ID": "18080008",
        "HAB_NAME": "Borlangfer",
        "BLOCK_ID": 180804,
        "ROAD_CONN": false,
        "confidence": 0.659,
        "lat": 25.444003,
        "lon": 92.621319
      },
      "geometry": {
        "type": "Point",
        "coordinates": [
          92.621319,
          25.444003
        ]
      }
    },
    {
      "type": "Feature",
      "properties": {
        "id": "PT-337",
        "HAB_ID": "18080008",
        "HAB_NAME": "Borlangfer",
        "BLOCK_ID": 180804,
        "ROAD_CONN": false,
        "confidence": 0.694,
        "lat": 25.443479,
        "lon": 92.621694
      },
      "geometry": {
        "type": "Point",
        "coordinates": [
          92.621694,
          25.443479
        ]
      }
    },
    {
      "type": "Feature",
      "properties": {
        "id": "PT-338",
        "HAB_ID": "18080008",
        "HAB_NAME": "Borlangfer",
        "BLOCK_ID": 180804,
        "ROAD_CONN": false,
        "confidence": 0.68,
        "lat": 25.444005,
        "lon": 92.621848
      },
      "geometry": {
        "type": "Point",
        "coordinates": [
          92.621848,
          25.444005
        ]
      }
    },
    {
      "type": "Feature",
      "properties": {
        "id": "PT-339",
        "HAB_ID": "18080008",
        "HAB_NAME": "Borlangfer",
        "BLOCK_ID": 180804,
        "ROAD_CONN": false,
        "confidence": 0.654,
        "lat": 25.442853,
        "lon": 92.622195
      },
      "geometry": {
        "type": "Point",
        "coordinates": [
          92.622195,
          25.442853
        ]
      }
    },
    {
      "type": "Feature",
      "properties": {
        "id": "PT-340",
        "HAB_ID": "18080008",
        "HAB_NAME": "Borlangfer",
        "BLOCK_ID": 180804,
        "ROAD_CONN": false,
        "confidence": 0.766,
        "lat": 25.443227,
        "lon": 92.62247
      },
      "geometry": {
        "type": "Point",
        "coordinates": [
          92.62247,
          25.443227
        ]
      }
    },
    {
      "type": "Feature",
      "properties": {
        "id": "PT-341",
        "HAB_ID": "18080008",
        "HAB_NAME": "Borlangfer",
        "BLOCK_ID": 180804,
        "ROAD_CONN": false,
        "confidence": 0.647,
        "lat": 25.443532,
        "lon": 92.621518
      },
      "geometry": {
        "type": "Point",
        "coordinates": [
          92.621518,
          25.443532
        ]
      }
    },
    {
      "type": "Feature",
      "properties": {
        "id": "PT-342",
        "HAB_ID": "18080008",
        "HAB_NAME": "Borlangfer",
        "BLOCK_ID": 180804,
        "ROAD_CONN": false,
        "confidence": 0.705,
        "lat": 25.443427,
        "lon": 92.620974
      },
      "geometry": {
        "type": "Point",
        "coordinates": [
          92.620974,
          25.443427
        ]
      }
    },
    {
      "type": "Feature",
      "properties": {
        "id": "PT-343",
        "HAB_ID": "18080008",
        "HAB_NAME": "Borlangfer",
        "BLOCK_ID": 180804,
        "ROAD_CONN": false,
        "confidence": 0.614,
        "lat": 25.443697,
        "lon": 92.623256
      },
      "geometry": {
        "type": "Point",
        "coordinates": [
          92.623256,
          25.443697
        ]
      }
    },
    {
      "type": "Feature",
      "properties": {
        "id": "PT-344",
        "HAB_ID": "18080008",
        "HAB_NAME": "Borlangfer",
        "BLOCK_ID": 180804,
        "ROAD_CONN": false,
        "confidence": 0.665,
        "lat": 25.439667,
        "lon": 92.623039
      },
      "geometry": {
        "type": "Point",
        "coordinates": [
          92.623039,
          25.439667
        ]
      }
    },
    {
      "type": "Feature",
      "properties": {
        "id": "PT-345",
        "HAB_ID": "18080008",
        "HAB_NAME": "Borlangfer",
        "BLOCK_ID": 180804,
        "ROAD_CONN": false,
        "confidence": 0.57,
        "lat": 25.443874,
        "lon": 92.62256
      },
      "geometry": {
        "type": "Point",
        "coordinates": [
          92.62256,
          25.443874
        ]
      }
    },
    {
      "type": "Feature",
      "properties": {
        "id": "PT-346",
        "HAB_ID": "18080009",
        "HAB_NAME": "Langting Tola",
        "BLOCK_ID": 180804,
        "ROAD_CONN": true,
        "confidence": 0.421,
        "lat": 25.390912,
        "lon": 92.760034
      },
      "geometry": {
        "type": "Point",
        "coordinates": [
          92.760034,
          25.390912
        ]
      }
    },
    {
      "type": "Feature",
      "properties": {
        "id": "PT-347",
        "HAB_ID": "18080009",
        "HAB_NAME": "Langting Tola",
        "BLOCK_ID": 180804,
        "ROAD_CONN": true,
        "confidence": 0.298,
        "lat": 25.392209,
        "lon": 92.755771
      },
      "geometry": {
        "type": "Point",
        "coordinates": [
          92.755771,
          25.392209
        ]
      }
    },
    {
      "type": "Feature",
      "properties": {
        "id": "PT-348",
        "HAB_ID": "18080009",
        "HAB_NAME": "Langting Tola",
        "BLOCK_ID": 180804,
        "ROAD_CONN": true,
        "confidence": 0.377,
        "lat": 25.391103,
        "lon": 92.757534
      },
      "geometry": {
        "type": "Point",
        "coordinates": [
          92.757534,
          25.391103
        ]
      }
    },
    {
      "type": "Feature",
      "properties": {
        "id": "PT-349",
        "HAB_ID": "18080009",
        "HAB_NAME": "Langting Tola",
        "BLOCK_ID": 180804,
        "ROAD_CONN": true,
        "confidence": 0.402,
        "lat": 25.391334,
        "lon": 92.758174
      },
      "geometry": {
        "type": "Point",
        "coordinates": [
          92.758174,
          25.391334
        ]
      }
    },
    {
      "type": "Feature",
      "properties": {
        "id": "PT-350",
        "HAB_ID": "18080009",
        "HAB_NAME": "Langting Tola",
        "BLOCK_ID": 180804,
        "ROAD_CONN": true,
        "confidence": 0.405,
        "lat": 25.392682,
        "lon": 92.755516
      },
      "geometry": {
        "type": "Point",
        "coordinates": [
          92.755516,
          25.392682
        ]
      }
    },
    {
      "type": "Feature",
      "properties": {
        "id": "PT-351",
        "HAB_ID": "18080009",
        "HAB_NAME": "Langting Tola",
        "BLOCK_ID": 180804,
        "ROAD_CONN": true,
        "confidence": 0.37,
        "lat": 25.391397,
        "lon": 92.754713
      },
      "geometry": {
        "type": "Point",
        "coordinates": [
          92.754713,
          25.391397
        ]
      }
    },
    {
      "type": "Feature",
      "properties": {
        "id": "PT-352",
        "HAB_ID": "18080009",
        "HAB_NAME": "Langting Tola",
        "BLOCK_ID": 180804,
        "ROAD_CONN": true,
        "confidence": 0.381,
        "lat": 25.391836,
        "lon": 92.757789
      },
      "geometry": {
        "type": "Point",
        "coordinates": [
          92.757789,
          25.391836
        ]
      }
    },
    {
      "type": "Feature",
      "properties": {
        "id": "PT-353",
        "HAB_ID": "18080009",
        "HAB_NAME": "Langting Tola",
        "BLOCK_ID": 180804,
        "ROAD_CONN": true,
        "confidence": 0.329,
        "lat": 25.39303,
        "lon": 92.755491
      },
      "geometry": {
        "type": "Point",
        "coordinates": [
          92.755491,
          25.39303
        ]
      }
    },
    {
      "type": "Feature",
      "properties": {
        "id": "PT-354",
        "HAB_ID": "18080009",
        "HAB_NAME": "Langting Tola",
        "BLOCK_ID": 180804,
        "ROAD_CONN": true,
        "confidence": 0.376,
        "lat": 25.391019,
        "lon": 92.759564
      },
      "geometry": {
        "type": "Point",
        "coordinates": [
          92.759564,
          25.391019
        ]
      }
    },
    {
      "type": "Feature",
      "properties": {
        "id": "PT-355",
        "HAB_ID": "18080009",
        "HAB_NAME": "Langting Tola",
        "BLOCK_ID": 180804,
        "ROAD_CONN": true,
        "confidence": 0.412,
        "lat": 25.390682,
        "lon": 92.759083
      },
      "geometry": {
        "type": "Point",
        "coordinates": [
          92.759083,
          25.390682
        ]
      }
    },
    {
      "type": "Feature",
      "properties": {
        "id": "PT-356",
        "HAB_ID": "18080009",
        "HAB_NAME": "Langting Tola",
        "BLOCK_ID": 180804,
        "ROAD_CONN": true,
        "confidence": 0.362,
        "lat": 25.391333,
        "lon": 92.758292
      },
      "geometry": {
        "type": "Point",
        "coordinates": [
          92.758292,
          25.391333
        ]
      }
    },
    {
      "type": "Feature",
      "properties": {
        "id": "PT-357",
        "HAB_ID": "18080009",
        "HAB_NAME": "Langting Tola",
        "BLOCK_ID": 180804,
        "ROAD_CONN": true,
        "confidence": 0.34,
        "lat": 25.39136,
        "lon": 92.757392
      },
      "geometry": {
        "type": "Point",
        "coordinates": [
          92.757392,
          25.39136
        ]
      }
    },
    {
      "type": "Feature",
      "properties": {
        "id": "PT-358",
        "HAB_ID": "18080009",
        "HAB_NAME": "Langting Tola",
        "BLOCK_ID": 180804,
        "ROAD_CONN": true,
        "confidence": 0.39,
        "lat": 25.392479,
        "lon": 92.755067
      },
      "geometry": {
        "type": "Point",
        "coordinates": [
          92.755067,
          25.392479
        ]
      }
    },
    {
      "type": "Feature",
      "properties": {
        "id": "PT-359",
        "HAB_ID": "18080009",
        "HAB_NAME": "Langting Tola",
        "BLOCK_ID": 180804,
        "ROAD_CONN": true,
        "confidence": 0.408,
        "lat": 25.391748,
        "lon": 92.757241
      },
      "geometry": {
        "type": "Point",
        "coordinates": [
          92.757241,
          25.391748
        ]
      }
    },
    {
      "type": "Feature",
      "properties": {
        "id": "PT-360",
        "HAB_ID": "18080009",
        "HAB_NAME": "Langting Tola",
        "BLOCK_ID": 180804,
        "ROAD_CONN": true,
        "confidence": 0.334,
        "lat": 25.39154,
        "lon": 92.757204
      },
      "geometry": {
        "type": "Point",
        "coordinates": [
          92.757204,
          25.39154
        ]
      }
    },
    {
      "type": "Feature",
      "properties": {
        "id": "PT-361",
        "HAB_ID": "18080009",
        "HAB_NAME": "Langting Tola",
        "BLOCK_ID": 180804,
        "ROAD_CONN": true,
        "confidence": 0.399,
        "lat": 25.390204,
        "lon": 92.758893
      },
      "geometry": {
        "type": "Point",
        "coordinates": [
          92.758893,
          25.390204
        ]
      }
    },
    {
      "type": "Feature",
      "properties": {
        "id": "PT-362",
        "HAB_ID": "18080009",
        "HAB_NAME": "Langting Tola",
        "BLOCK_ID": 180804,
        "ROAD_CONN": true,
        "confidence": 0.406,
        "lat": 25.390858,
        "lon": 92.758368
      },
      "geometry": {
        "type": "Point",
        "coordinates": [
          92.758368,
          25.390858
        ]
      }
    },
    {
      "type": "Feature",
      "properties": {
        "id": "PT-363",
        "HAB_ID": "18080009",
        "HAB_NAME": "Langting Tola",
        "BLOCK_ID": 180804,
        "ROAD_CONN": true,
        "confidence": 0.342,
        "lat": 25.390095,
        "lon": 92.759124
      },
      "geometry": {
        "type": "Point",
        "coordinates": [
          92.759124,
          25.390095
        ]
      }
    },
    {
      "type": "Feature",
      "properties": {
        "id": "PT-364",
        "HAB_ID": "18080009",
        "HAB_NAME": "Langting Tola",
        "BLOCK_ID": 180804,
        "ROAD_CONN": true,
        "confidence": 0.304,
        "lat": 25.392903,
        "lon": 92.755952
      },
      "geometry": {
        "type": "Point",
        "coordinates": [
          92.755952,
          25.392903
        ]
      }
    },
    {
      "type": "Feature",
      "properties": {
        "id": "PT-365",
        "HAB_ID": "18080009",
        "HAB_NAME": "Langting Tola",
        "BLOCK_ID": 180804,
        "ROAD_CONN": true,
        "confidence": 0.305,
        "lat": 25.391389,
        "lon": 92.759572
      },
      "geometry": {
        "type": "Point",
        "coordinates": [
          92.759572,
          25.391389
        ]
      }
    },
    {
      "type": "Feature",
      "properties": {
        "id": "PT-366",
        "HAB_ID": "18080009",
        "HAB_NAME": "Langting Tola",
        "BLOCK_ID": 180804,
        "ROAD_CONN": true,
        "confidence": 0.411,
        "lat": 25.390201,
        "lon": 92.758191
      },
      "geometry": {
        "type": "Point",
        "coordinates": [
          92.758191,
          25.390201
        ]
      }
    },
    {
      "type": "Feature",
      "properties": {
        "id": "PT-367",
        "HAB_ID": "18080009",
        "HAB_NAME": "Langting Tola",
        "BLOCK_ID": 180804,
        "ROAD_CONN": true,
        "confidence": 0.37,
        "lat": 25.389769,
        "lon": 92.759208
      },
      "geometry": {
        "type": "Point",
        "coordinates": [
          92.759208,
          25.389769
        ]
      }
    },
    {
      "type": "Feature",
      "properties": {
        "id": "PT-368",
        "HAB_ID": "18080009",
        "HAB_NAME": "Langting Tola",
        "BLOCK_ID": 180804,
        "ROAD_CONN": true,
        "confidence": 0.343,
        "lat": 25.39064,
        "lon": 92.756844
      },
      "geometry": {
        "type": "Point",
        "coordinates": [
          92.756844,
          25.39064
        ]
      }
    },
    {
      "type": "Feature",
      "properties": {
        "id": "PT-369",
        "HAB_ID": "18080009",
        "HAB_NAME": "Langting Tola",
        "BLOCK_ID": 180804,
        "ROAD_CONN": true,
        "confidence": 0.414,
        "lat": 25.392049,
        "lon": 92.757747
      },
      "geometry": {
        "type": "Point",
        "coordinates": [
          92.757747,
          25.392049
        ]
      }
    },
    {
      "type": "Feature",
      "properties": {
        "id": "PT-370",
        "HAB_ID": "18080009",
        "HAB_NAME": "Langting Tola",
        "BLOCK_ID": 180804,
        "ROAD_CONN": true,
        "confidence": 0.398,
        "lat": 25.391873,
        "lon": 92.756484
      },
      "geometry": {
        "type": "Point",
        "coordinates": [
          92.756484,
          25.391873
        ]
      }
    },
    {
      "type": "Feature",
      "properties": {
        "id": "PT-371",
        "HAB_ID": "18080009",
        "HAB_NAME": "Langting Tola",
        "BLOCK_ID": 180804,
        "ROAD_CONN": true,
        "confidence": 0.437,
        "lat": 25.391603,
        "lon": 92.757235
      },
      "geometry": {
        "type": "Point",
        "coordinates": [
          92.757235,
          25.391603
        ]
      }
    },
    {
      "type": "Feature",
      "properties": {
        "id": "PT-372",
        "HAB_ID": "18080009",
        "HAB_NAME": "Langting Tola",
        "BLOCK_ID": 180804,
        "ROAD_CONN": true,
        "confidence": 0.289,
        "lat": 25.39283,
        "lon": 92.753668
      },
      "geometry": {
        "type": "Point",
        "coordinates": [
          92.753668,
          25.39283
        ]
      }
    },
    {
      "type": "Feature",
      "properties": {
        "id": "PT-373",
        "HAB_ID": "18080009",
        "HAB_NAME": "Langting Tola",
        "BLOCK_ID": 180804,
        "ROAD_CONN": true,
        "confidence": 0.375,
        "lat": 25.392528,
        "lon": 92.756648
      },
      "geometry": {
        "type": "Point",
        "coordinates": [
          92.756648,
          25.392528
        ]
      }
    },
    {
      "type": "Feature",
      "properties": {
        "id": "PT-374",
        "HAB_ID": "18080009",
        "HAB_NAME": "Langting Tola",
        "BLOCK_ID": 180804,
        "ROAD_CONN": true,
        "confidence": 0.407,
        "lat": 25.391712,
        "lon": 92.756098
      },
      "geometry": {
        "type": "Point",
        "coordinates": [
          92.756098,
          25.391712
        ]
      }
    },
    {
      "type": "Feature",
      "properties": {
        "id": "PT-375",
        "HAB_ID": "18080009",
        "HAB_NAME": "Langting Tola",
        "BLOCK_ID": 180804,
        "ROAD_CONN": true,
        "confidence": 0.315,
        "lat": 25.392212,
        "lon": 92.755416
      },
      "geometry": {
        "type": "Point",
        "coordinates": [
          92.755416,
          25.392212
        ]
      }
    },
    {
      "type": "Feature",
      "properties": {
        "id": "PT-376",
        "HAB_ID": "18080009",
        "HAB_NAME": "Langting Tola",
        "BLOCK_ID": 180804,
        "ROAD_CONN": true,
        "confidence": 0.341,
        "lat": 25.389933,
        "lon": 92.760281
      },
      "geometry": {
        "type": "Point",
        "coordinates": [
          92.760281,
          25.389933
        ]
      }
    },
    {
      "type": "Feature",
      "properties": {
        "id": "PT-377",
        "HAB_ID": "18080009",
        "HAB_NAME": "Langting Tola",
        "BLOCK_ID": 180804,
        "ROAD_CONN": true,
        "confidence": 0.363,
        "lat": 25.391799,
        "lon": 92.756172
      },
      "geometry": {
        "type": "Point",
        "coordinates": [
          92.756172,
          25.391799
        ]
      }
    },
    {
      "type": "Feature",
      "properties": {
        "id": "PT-378",
        "HAB_ID": "18080010",
        "HAB_NAME": "Nambornodi",
        "BLOCK_ID": 180804,
        "ROAD_CONN": false,
        "confidence": 0.558,
        "lat": 25.450686,
        "lon": 92.868114
      },
      "geometry": {
        "type": "Point",
        "coordinates": [
          92.868114,
          25.450686
        ]
      }
    },
    {
      "type": "Feature",
      "properties": {
        "id": "PT-379",
        "HAB_ID": "18080010",
        "HAB_NAME": "Nambornodi",
        "BLOCK_ID": 180804,
        "ROAD_CONN": false,
        "confidence": 0.568,
        "lat": 25.450012,
        "lon": 92.866621
      },
      "geometry": {
        "type": "Point",
        "coordinates": [
          92.866621,
          25.450012
        ]
      }
    },
    {
      "type": "Feature",
      "properties": {
        "id": "PT-380",
        "HAB_ID": "18080010",
        "HAB_NAME": "Nambornodi",
        "BLOCK_ID": 180804,
        "ROAD_CONN": false,
        "confidence": 0.516,
        "lat": 25.450749,
        "lon": 92.867197
      },
      "geometry": {
        "type": "Point",
        "coordinates": [
          92.867197,
          25.450749
        ]
      }
    },
    {
      "type": "Feature",
      "properties": {
        "id": "PT-381",
        "HAB_ID": "18080010",
        "HAB_NAME": "Nambornodi",
        "BLOCK_ID": 180804,
        "ROAD_CONN": false,
        "confidence": 0.568,
        "lat": 25.451516,
        "lon": 92.868455
      },
      "geometry": {
        "type": "Point",
        "coordinates": [
          92.868455,
          25.451516
        ]
      }
    },
    {
      "type": "Feature",
      "properties": {
        "id": "PT-382",
        "HAB_ID": "18080010",
        "HAB_NAME": "Nambornodi",
        "BLOCK_ID": 180804,
        "ROAD_CONN": false,
        "confidence": 0.548,
        "lat": 25.451485,
        "lon": 92.86896
      },
      "geometry": {
        "type": "Point",
        "coordinates": [
          92.86896,
          25.451485
        ]
      }
    },
    {
      "type": "Feature",
      "properties": {
        "id": "PT-383",
        "HAB_ID": "18080010",
        "HAB_NAME": "Nambornodi",
        "BLOCK_ID": 180804,
        "ROAD_CONN": false,
        "confidence": 0.475,
        "lat": 25.452739,
        "lon": 92.868264
      },
      "geometry": {
        "type": "Point",
        "coordinates": [
          92.868264,
          25.452739
        ]
      }
    },
    {
      "type": "Feature",
      "properties": {
        "id": "PT-384",
        "HAB_ID": "18080010",
        "HAB_NAME": "Nambornodi",
        "BLOCK_ID": 180804,
        "ROAD_CONN": false,
        "confidence": 0.53,
        "lat": 25.452703,
        "lon": 92.868684
      },
      "geometry": {
        "type": "Point",
        "coordinates": [
          92.868684,
          25.452703
        ]
      }
    },
    {
      "type": "Feature",
      "properties": {
        "id": "PT-385",
        "HAB_ID": "18080010",
        "HAB_NAME": "Nambornodi",
        "BLOCK_ID": 180804,
        "ROAD_CONN": false,
        "confidence": 0.57,
        "lat": 25.451654,
        "lon": 92.868873
      },
      "geometry": {
        "type": "Point",
        "coordinates": [
          92.868873,
          25.451654
        ]
      }
    },
    {
      "type": "Feature",
      "properties": {
        "id": "PT-386",
        "HAB_ID": "18080010",
        "HAB_NAME": "Nambornodi",
        "BLOCK_ID": 180804,
        "ROAD_CONN": false,
        "confidence": 0.57,
        "lat": 25.450861,
        "lon": 92.867878
      },
      "geometry": {
        "type": "Point",
        "coordinates": [
          92.867878,
          25.450861
        ]
      }
    },
    {
      "type": "Feature",
      "properties": {
        "id": "PT-387",
        "HAB_ID": "18080010",
        "HAB_NAME": "Nambornodi",
        "BLOCK_ID": 180804,
        "ROAD_CONN": false,
        "confidence": 0.568,
        "lat": 25.452452,
        "lon": 92.868857
      },
      "geometry": {
        "type": "Point",
        "coordinates": [
          92.868857,
          25.452452
        ]
      }
    },
    {
      "type": "Feature",
      "properties": {
        "id": "PT-388",
        "HAB_ID": "18080010",
        "HAB_NAME": "Nambornodi",
        "BLOCK_ID": 180804,
        "ROAD_CONN": false,
        "confidence": 0.532,
        "lat": 25.451412,
        "lon": 92.869162
      },
      "geometry": {
        "type": "Point",
        "coordinates": [
          92.869162,
          25.451412
        ]
      }
    },
    {
      "type": "Feature",
      "properties": {
        "id": "PT-389",
        "HAB_ID": "18080010",
        "HAB_NAME": "Nambornodi",
        "BLOCK_ID": 180804,
        "ROAD_CONN": false,
        "confidence": 0.552,
        "lat": 25.452349,
        "lon": 92.86919
      },
      "geometry": {
        "type": "Point",
        "coordinates": [
          92.86919,
          25.452349
        ]
      }
    },
    {
      "type": "Feature",
      "properties": {
        "id": "PT-390",
        "HAB_ID": "18080010",
        "HAB_NAME": "Nambornodi",
        "BLOCK_ID": 180804,
        "ROAD_CONN": false,
        "confidence": 0.614,
        "lat": 25.451357,
        "lon": 92.866986
      },
      "geometry": {
        "type": "Point",
        "coordinates": [
          92.866986,
          25.451357
        ]
      }
    },
    {
      "type": "Feature",
      "properties": {
        "id": "PT-391",
        "HAB_ID": "18080010",
        "HAB_NAME": "Nambornodi",
        "BLOCK_ID": 180804,
        "ROAD_CONN": false,
        "confidence": 0.549,
        "lat": 25.452293,
        "lon": 92.869955
      },
      "geometry": {
        "type": "Point",
        "coordinates": [
          92.869955,
          25.452293
        ]
      }
    },
    {
      "type": "Feature",
      "properties": {
        "id": "PT-392",
        "HAB_ID": "18080010",
        "HAB_NAME": "Nambornodi",
        "BLOCK_ID": 180804,
        "ROAD_CONN": false,
        "confidence": 0.521,
        "lat": 25.451553,
        "lon": 92.867793
      },
      "geometry": {
        "type": "Point",
        "coordinates": [
          92.867793,
          25.451553
        ]
      }
    },
    {
      "type": "Feature",
      "properties": {
        "id": "PT-393",
        "HAB_ID": "18080010",
        "HAB_NAME": "Nambornodi",
        "BLOCK_ID": 180804,
        "ROAD_CONN": false,
        "confidence": 0.585,
        "lat": 25.451687,
        "lon": 92.868883
      },
      "geometry": {
        "type": "Point",
        "coordinates": [
          92.868883,
          25.451687
        ]
      }
    },
    {
      "type": "Feature",
      "properties": {
        "id": "PT-394",
        "HAB_ID": "18080010",
        "HAB_NAME": "Nambornodi",
        "BLOCK_ID": 180804,
        "ROAD_CONN": false,
        "confidence": 0.498,
        "lat": 25.45004,
        "lon": 92.865107
      },
      "geometry": {
        "type": "Point",
        "coordinates": [
          92.865107,
          25.45004
        ]
      }
    },
    {
      "type": "Feature",
      "properties": {
        "id": "PT-395",
        "HAB_ID": "18080010",
        "HAB_NAME": "Nambornodi",
        "BLOCK_ID": 180804,
        "ROAD_CONN": false,
        "confidence": 0.533,
        "lat": 25.452175,
        "lon": 92.869903
      },
      "geometry": {
        "type": "Point",
        "coordinates": [
          92.869903,
          25.452175
        ]
      }
    },
    {
      "type": "Feature",
      "properties": {
        "id": "PT-396",
        "HAB_ID": "18080010",
        "HAB_NAME": "Nambornodi",
        "BLOCK_ID": 180804,
        "ROAD_CONN": false,
        "confidence": 0.571,
        "lat": 25.452171,
        "lon": 92.870589
      },
      "geometry": {
        "type": "Point",
        "coordinates": [
          92.870589,
          25.452171
        ]
      }
    },
    {
      "type": "Feature",
      "properties": {
        "id": "PT-397",
        "HAB_ID": "18080010",
        "HAB_NAME": "Nambornodi",
        "BLOCK_ID": 180804,
        "ROAD_CONN": false,
        "confidence": 0.558,
        "lat": 25.452771,
        "lon": 92.871585
      },
      "geometry": {
        "type": "Point",
        "coordinates": [
          92.871585,
          25.452771
        ]
      }
    },
    {
      "type": "Feature",
      "properties": {
        "id": "PT-398",
        "HAB_ID": "18080010",
        "HAB_NAME": "Nambornodi",
        "BLOCK_ID": 180804,
        "ROAD_CONN": false,
        "confidence": 0.507,
        "lat": 25.452289,
        "lon": 92.869362
      },
      "geometry": {
        "type": "Point",
        "coordinates": [
          92.869362,
          25.452289
        ]
      }
    },
    {
      "type": "Feature",
      "properties": {
        "id": "PT-399",
        "HAB_ID": "18080010",
        "HAB_NAME": "Nambornodi",
        "BLOCK_ID": 180804,
        "ROAD_CONN": false,
        "confidence": 0.515,
        "lat": 25.454065,
        "lon": 92.869553
      },
      "geometry": {
        "type": "Point",
        "coordinates": [
          92.869553,
          25.454065
        ]
      }
    },
    {
      "type": "Feature",
      "properties": {
        "id": "PT-400",
        "HAB_ID": "18080011",
        "HAB_NAME": "Diyungmukh",
        "BLOCK_ID": 180801,
        "ROAD_CONN": true,
        "confidence": 0.362,
        "lat": 25.303593,
        "lon": 92.702404
      },
      "geometry": {
        "type": "Point",
        "coordinates": [
          92.702404,
          25.303593
        ]
      }
    },
    {
      "type": "Feature",
      "properties": {
        "id": "PT-401",
        "HAB_ID": "18080011",
        "HAB_NAME": "Diyungmukh",
        "BLOCK_ID": 180801,
        "ROAD_CONN": true,
        "confidence": 0.385,
        "lat": 25.302316,
        "lon": 92.701794
      },
      "geometry": {
        "type": "Point",
        "coordinates": [
          92.701794,
          25.302316
        ]
      }
    },
    {
      "type": "Feature",
      "properties": {
        "id": "PT-402",
        "HAB_ID": "18080011",
        "HAB_NAME": "Diyungmukh",
        "BLOCK_ID": 180801,
        "ROAD_CONN": true,
        "confidence": 0.358,
        "lat": 25.302076,
        "lon": 92.701294
      },
      "geometry": {
        "type": "Point",
        "coordinates": [
          92.701294,
          25.302076
        ]
      }
    },
    {
      "type": "Feature",
      "properties": {
        "id": "PT-403",
        "HAB_ID": "18080011",
        "HAB_NAME": "Diyungmukh",
        "BLOCK_ID": 180801,
        "ROAD_CONN": true,
        "confidence": 0.275,
        "lat": 25.302472,
        "lon": 92.700778
      },
      "geometry": {
        "type": "Point",
        "coordinates": [
          92.700778,
          25.302472
        ]
      }
    },
    {
      "type": "Feature",
      "properties": {
        "id": "PT-404",
        "HAB_ID": "18080011",
        "HAB_NAME": "Diyungmukh",
        "BLOCK_ID": 180801,
        "ROAD_CONN": true,
        "confidence": 0.36,
        "lat": 25.302489,
        "lon": 92.702721
      },
      "geometry": {
        "type": "Point",
        "coordinates": [
          92.702721,
          25.302489
        ]
      }
    },
    {
      "type": "Feature",
      "properties": {
        "id": "PT-405",
        "HAB_ID": "18080011",
        "HAB_NAME": "Diyungmukh",
        "BLOCK_ID": 180801,
        "ROAD_CONN": true,
        "confidence": 0.325,
        "lat": 25.300673,
        "lon": 92.700322
      },
      "geometry": {
        "type": "Point",
        "coordinates": [
          92.700322,
          25.300673
        ]
      }
    },
    {
      "type": "Feature",
      "properties": {
        "id": "PT-406",
        "HAB_ID": "18080011",
        "HAB_NAME": "Diyungmukh",
        "BLOCK_ID": 180801,
        "ROAD_CONN": true,
        "confidence": 0.395,
        "lat": 25.301482,
        "lon": 92.700899
      },
      "geometry": {
        "type": "Point",
        "coordinates": [
          92.700899,
          25.301482
        ]
      }
    },
    {
      "type": "Feature",
      "properties": {
        "id": "PT-407",
        "HAB_ID": "18080011",
        "HAB_NAME": "Diyungmukh",
        "BLOCK_ID": 180801,
        "ROAD_CONN": true,
        "confidence": 0.291,
        "lat": 25.301463,
        "lon": 92.701631
      },
      "geometry": {
        "type": "Point",
        "coordinates": [
          92.701631,
          25.301463
        ]
      }
    },
    {
      "type": "Feature",
      "properties": {
        "id": "PT-408",
        "HAB_ID": "18080011",
        "HAB_NAME": "Diyungmukh",
        "BLOCK_ID": 180801,
        "ROAD_CONN": true,
        "confidence": 0.371,
        "lat": 25.300402,
        "lon": 92.699258
      },
      "geometry": {
        "type": "Point",
        "coordinates": [
          92.699258,
          25.300402
        ]
      }
    },
    {
      "type": "Feature",
      "properties": {
        "id": "PT-409",
        "HAB_ID": "18080011",
        "HAB_NAME": "Diyungmukh",
        "BLOCK_ID": 180801,
        "ROAD_CONN": true,
        "confidence": 0.332,
        "lat": 25.302324,
        "lon": 92.70168
      },
      "geometry": {
        "type": "Point",
        "coordinates": [
          92.70168,
          25.302324
        ]
      }
    },
    {
      "type": "Feature",
      "properties": {
        "id": "PT-410",
        "HAB_ID": "18080011",
        "HAB_NAME": "Diyungmukh",
        "BLOCK_ID": 180801,
        "ROAD_CONN": true,
        "confidence": 0.375,
        "lat": 25.301712,
        "lon": 92.701285
      },
      "geometry": {
        "type": "Point",
        "coordinates": [
          92.701285,
          25.301712
        ]
      }
    },
    {
      "type": "Feature",
      "properties": {
        "id": "PT-411",
        "HAB_ID": "18080011",
        "HAB_NAME": "Diyungmukh",
        "BLOCK_ID": 180801,
        "ROAD_CONN": true,
        "confidence": 0.37,
        "lat": 25.301653,
        "lon": 92.700628
      },
      "geometry": {
        "type": "Point",
        "coordinates": [
          92.700628,
          25.301653
        ]
      }
    },
    {
      "type": "Feature",
      "properties": {
        "id": "PT-412",
        "HAB_ID": "18080011",
        "HAB_NAME": "Diyungmukh",
        "BLOCK_ID": 180801,
        "ROAD_CONN": true,
        "confidence": 0.358,
        "lat": 25.300954,
        "lon": 92.700574
      },
      "geometry": {
        "type": "Point",
        "coordinates": [
          92.700574,
          25.300954
        ]
      }
    },
    {
      "type": "Feature",
      "properties": {
        "id": "PT-413",
        "HAB_ID": "18080011",
        "HAB_NAME": "Diyungmukh",
        "BLOCK_ID": 180801,
        "ROAD_CONN": true,
        "confidence": 0.383,
        "lat": 25.301855,
        "lon": 92.701726
      },
      "geometry": {
        "type": "Point",
        "coordinates": [
          92.701726,
          25.301855
        ]
      }
    },
    {
      "type": "Feature",
      "properties": {
        "id": "PT-414",
        "HAB_ID": "18080011",
        "HAB_NAME": "Diyungmukh",
        "BLOCK_ID": 180801,
        "ROAD_CONN": true,
        "confidence": 0.366,
        "lat": 25.300931,
        "lon": 92.700302
      },
      "geometry": {
        "type": "Point",
        "coordinates": [
          92.700302,
          25.300931
        ]
      }
    },
    {
      "type": "Feature",
      "properties": {
        "id": "PT-415",
        "HAB_ID": "18080011",
        "HAB_NAME": "Diyungmukh",
        "BLOCK_ID": 180801,
        "ROAD_CONN": true,
        "confidence": 0.367,
        "lat": 25.302925,
        "lon": 92.702265
      },
      "geometry": {
        "type": "Point",
        "coordinates": [
          92.702265,
          25.302925
        ]
      }
    },
    {
      "type": "Feature",
      "properties": {
        "id": "PT-416",
        "HAB_ID": "18080011",
        "HAB_NAME": "Diyungmukh",
        "BLOCK_ID": 180801,
        "ROAD_CONN": true,
        "confidence": 0.365,
        "lat": 25.301176,
        "lon": 92.699657
      },
      "geometry": {
        "type": "Point",
        "coordinates": [
          92.699657,
          25.301176
        ]
      }
    },
    {
      "type": "Feature",
      "properties": {
        "id": "PT-417",
        "HAB_ID": "18080011",
        "HAB_NAME": "Diyungmukh",
        "BLOCK_ID": 180801,
        "ROAD_CONN": true,
        "confidence": 0.341,
        "lat": 25.30301,
        "lon": 92.701887
      },
      "geometry": {
        "type": "Point",
        "coordinates": [
          92.701887,
          25.30301
        ]
      }
    },
    {
      "type": "Feature",
      "properties": {
        "id": "PT-418",
        "HAB_ID": "18080011",
        "HAB_NAME": "Diyungmukh",
        "BLOCK_ID": 180801,
        "ROAD_CONN": true,
        "confidence": 0.325,
        "lat": 25.301791,
        "lon": 92.701248
      },
      "geometry": {
        "type": "Point",
        "coordinates": [
          92.701248,
          25.301791
        ]
      }
    },
    {
      "type": "Feature",
      "properties": {
        "id": "PT-419",
        "HAB_ID": "18080011",
        "HAB_NAME": "Diyungmukh",
        "BLOCK_ID": 180801,
        "ROAD_CONN": true,
        "confidence": 0.39,
        "lat": 25.301425,
        "lon": 92.701329
      },
      "geometry": {
        "type": "Point",
        "coordinates": [
          92.701329,
          25.301425
        ]
      }
    },
    {
      "type": "Feature",
      "properties": {
        "id": "PT-420",
        "HAB_ID": "18080011",
        "HAB_NAME": "Diyungmukh",
        "BLOCK_ID": 180801,
        "ROAD_CONN": true,
        "confidence": 0.381,
        "lat": 25.302997,
        "lon": 92.701984
      },
      "geometry": {
        "type": "Point",
        "coordinates": [
          92.701984,
          25.302997
        ]
      }
    },
    {
      "type": "Feature",
      "properties": {
        "id": "PT-421",
        "HAB_ID": "18080011",
        "HAB_NAME": "Diyungmukh",
        "BLOCK_ID": 180801,
        "ROAD_CONN": true,
        "confidence": 0.325,
        "lat": 25.300712,
        "lon": 92.701392
      },
      "geometry": {
        "type": "Point",
        "coordinates": [
          92.701392,
          25.300712
        ]
      }
    },
    {
      "type": "Feature",
      "properties": {
        "id": "PT-422",
        "HAB_ID": "18080011",
        "HAB_NAME": "Diyungmukh",
        "BLOCK_ID": 180801,
        "ROAD_CONN": true,
        "confidence": 0.31,
        "lat": 25.30285,
        "lon": 92.701678
      },
      "geometry": {
        "type": "Point",
        "coordinates": [
          92.701678,
          25.30285
        ]
      }
    },
    {
      "type": "Feature",
      "properties": {
        "id": "PT-423",
        "HAB_ID": "18080011",
        "HAB_NAME": "Diyungmukh",
        "BLOCK_ID": 180801,
        "ROAD_CONN": true,
        "confidence": 0.389,
        "lat": 25.301702,
        "lon": 92.700996
      },
      "geometry": {
        "type": "Point",
        "coordinates": [
          92.700996,
          25.301702
        ]
      }
    },
    {
      "type": "Feature",
      "properties": {
        "id": "PT-424",
        "HAB_ID": "18080011",
        "HAB_NAME": "Diyungmukh",
        "BLOCK_ID": 180801,
        "ROAD_CONN": true,
        "confidence": 0.313,
        "lat": 25.301198,
        "lon": 92.702663
      },
      "geometry": {
        "type": "Point",
        "coordinates": [
          92.702663,
          25.301198
        ]
      }
    },
    {
      "type": "Feature",
      "properties": {
        "id": "PT-425",
        "HAB_ID": "18080011",
        "HAB_NAME": "Diyungmukh",
        "BLOCK_ID": 180801,
        "ROAD_CONN": true,
        "confidence": 0.42,
        "lat": 25.303468,
        "lon": 92.703566
      },
      "geometry": {
        "type": "Point",
        "coordinates": [
          92.703566,
          25.303468
        ]
      }
    },
    {
      "type": "Feature",
      "properties": {
        "id": "PT-426",
        "HAB_ID": "18080011",
        "HAB_NAME": "Diyungmukh",
        "BLOCK_ID": 180801,
        "ROAD_CONN": true,
        "confidence": 0.359,
        "lat": 25.301061,
        "lon": 92.700806
      },
      "geometry": {
        "type": "Point",
        "coordinates": [
          92.700806,
          25.301061
        ]
      }
    },
    {
      "type": "Feature",
      "properties": {
        "id": "PT-427",
        "HAB_ID": "18080011",
        "HAB_NAME": "Diyungmukh",
        "BLOCK_ID": 180801,
        "ROAD_CONN": true,
        "confidence": 0.348,
        "lat": 25.302607,
        "lon": 92.700393
      },
      "geometry": {
        "type": "Point",
        "coordinates": [
          92.700393,
          25.302607
        ]
      }
    },
    {
      "type": "Feature",
      "properties": {
        "id": "PT-428",
        "HAB_ID": "18080011",
        "HAB_NAME": "Diyungmukh",
        "BLOCK_ID": 180801,
        "ROAD_CONN": true,
        "confidence": 0.379,
        "lat": 25.302936,
        "lon": 92.70216
      },
      "geometry": {
        "type": "Point",
        "coordinates": [
          92.70216,
          25.302936
        ]
      }
    },
    {
      "type": "Feature",
      "properties": {
        "id": "PT-429",
        "HAB_ID": "18080011",
        "HAB_NAME": "Diyungmukh",
        "BLOCK_ID": 180801,
        "ROAD_CONN": true,
        "confidence": 0.375,
        "lat": 25.301175,
        "lon": 92.699794
      },
      "geometry": {
        "type": "Point",
        "coordinates": [
          92.699794,
          25.301175
        ]
      }
    },
    {
      "type": "Feature",
      "properties": {
        "id": "PT-430",
        "HAB_ID": "18080011",
        "HAB_NAME": "Diyungmukh",
        "BLOCK_ID": 180801,
        "ROAD_CONN": true,
        "confidence": 0.43,
        "lat": 25.30216,
        "lon": 92.702324
      },
      "geometry": {
        "type": "Point",
        "coordinates": [
          92.702324,
          25.30216
        ]
      }
    },
    {
      "type": "Feature",
      "properties": {
        "id": "PT-431",
        "HAB_ID": "18080011",
        "HAB_NAME": "Diyungmukh",
        "BLOCK_ID": 180801,
        "ROAD_CONN": true,
        "confidence": 0.329,
        "lat": 25.302727,
        "lon": 92.702462
      },
      "geometry": {
        "type": "Point",
        "coordinates": [
          92.702462,
          25.302727
        ]
      }
    },
    {
      "type": "Feature",
      "properties": {
        "id": "PT-432",
        "HAB_ID": "18080011",
        "HAB_NAME": "Diyungmukh",
        "BLOCK_ID": 180801,
        "ROAD_CONN": true,
        "confidence": 0.313,
        "lat": 25.303267,
        "lon": 92.703189
      },
      "geometry": {
        "type": "Point",
        "coordinates": [
          92.703189,
          25.303267
        ]
      }
    },
    {
      "type": "Feature",
      "properties": {
        "id": "PT-433",
        "HAB_ID": "18080011",
        "HAB_NAME": "Diyungmukh",
        "BLOCK_ID": 180801,
        "ROAD_CONN": true,
        "confidence": 0.437,
        "lat": 25.302915,
        "lon": 92.702862
      },
      "geometry": {
        "type": "Point",
        "coordinates": [
          92.702862,
          25.302915
        ]
      }
    },
    {
      "type": "Feature",
      "properties": {
        "id": "PT-434",
        "HAB_ID": "18080011",
        "HAB_NAME": "Diyungmukh",
        "BLOCK_ID": 180801,
        "ROAD_CONN": true,
        "confidence": 0.425,
        "lat": 25.301375,
        "lon": 92.701044
      },
      "geometry": {
        "type": "Point",
        "coordinates": [
          92.701044,
          25.301375
        ]
      }
    },
    {
      "type": "Feature",
      "properties": {
        "id": "PT-435",
        "HAB_ID": "18080011",
        "HAB_NAME": "Diyungmukh",
        "BLOCK_ID": 180801,
        "ROAD_CONN": true,
        "confidence": 0.316,
        "lat": 25.30323,
        "lon": 92.702125
      },
      "geometry": {
        "type": "Point",
        "coordinates": [
          92.702125,
          25.30323
        ]
      }
    },
    {
      "type": "Feature",
      "properties": {
        "id": "PT-436",
        "HAB_ID": "18080011",
        "HAB_NAME": "Diyungmukh",
        "BLOCK_ID": 180801,
        "ROAD_CONN": true,
        "confidence": 0.398,
        "lat": 25.301567,
        "lon": 92.702107
      },
      "geometry": {
        "type": "Point",
        "coordinates": [
          92.702107,
          25.301567
        ]
      }
    },
    {
      "type": "Feature",
      "properties": {
        "id": "PT-437",
        "HAB_ID": "18080011",
        "HAB_NAME": "Diyungmukh",
        "BLOCK_ID": 180801,
        "ROAD_CONN": true,
        "confidence": 0.356,
        "lat": 25.301713,
        "lon": 92.700285
      },
      "geometry": {
        "type": "Point",
        "coordinates": [
          92.700285,
          25.301713
        ]
      }
    },
    {
      "type": "Feature",
      "properties": {
        "id": "PT-438",
        "HAB_ID": "18080011",
        "HAB_NAME": "Diyungmukh",
        "BLOCK_ID": 180801,
        "ROAD_CONN": true,
        "confidence": 0.253,
        "lat": 25.301441,
        "lon": 92.699447
      },
      "geometry": {
        "type": "Point",
        "coordinates": [
          92.699447,
          25.301441
        ]
      }
    },
    {
      "type": "Feature",
      "properties": {
        "id": "PT-439",
        "HAB_ID": "18080011",
        "HAB_NAME": "Diyungmukh",
        "BLOCK_ID": 180801,
        "ROAD_CONN": true,
        "confidence": 0.394,
        "lat": 25.301575,
        "lon": 92.699611
      },
      "geometry": {
        "type": "Point",
        "coordinates": [
          92.699611,
          25.301575
        ]
      }
    },
    {
      "type": "Feature",
      "properties": {
        "id": "PT-440",
        "HAB_ID": "18080011",
        "HAB_NAME": "Diyungmukh",
        "BLOCK_ID": 180801,
        "ROAD_CONN": true,
        "confidence": 0.342,
        "lat": 25.302504,
        "lon": 92.699637
      },
      "geometry": {
        "type": "Point",
        "coordinates": [
          92.699637,
          25.302504
        ]
      }
    },
    {
      "type": "Feature",
      "properties": {
        "id": "PT-441",
        "HAB_ID": "18080011",
        "HAB_NAME": "Diyungmukh",
        "BLOCK_ID": 180801,
        "ROAD_CONN": true,
        "confidence": 0.286,
        "lat": 25.301182,
        "lon": 92.70111
      },
      "geometry": {
        "type": "Point",
        "coordinates": [
          92.70111,
          25.301182
        ]
      }
    },
    {
      "type": "Feature",
      "properties": {
        "id": "PT-442",
        "HAB_ID": "18080011",
        "HAB_NAME": "Diyungmukh",
        "BLOCK_ID": 180801,
        "ROAD_CONN": true,
        "confidence": 0.399,
        "lat": 25.302267,
        "lon": 92.701955
      },
      "geometry": {
        "type": "Point",
        "coordinates": [
          92.701955,
          25.302267
        ]
      }
    },
    {
      "type": "Feature",
      "properties": {
        "id": "PT-443",
        "HAB_ID": "18080011",
        "HAB_NAME": "Diyungmukh",
        "BLOCK_ID": 180801,
        "ROAD_CONN": true,
        "confidence": 0.324,
        "lat": 25.303365,
        "lon": 92.699857
      },
      "geometry": {
        "type": "Point",
        "coordinates": [
          92.699857,
          25.303365
        ]
      }
    },
    {
      "type": "Feature",
      "properties": {
        "id": "PT-444",
        "HAB_ID": "18080011",
        "HAB_NAME": "Diyungmukh",
        "BLOCK_ID": 180801,
        "ROAD_CONN": true,
        "confidence": 0.344,
        "lat": 25.303337,
        "lon": 92.70436
      },
      "geometry": {
        "type": "Point",
        "coordinates": [
          92.70436,
          25.303337
        ]
      }
    },
    {
      "type": "Feature",
      "properties": {
        "id": "PT-445",
        "HAB_ID": "18080011",
        "HAB_NAME": "Diyungmukh",
        "BLOCK_ID": 180801,
        "ROAD_CONN": true,
        "confidence": 0.403,
        "lat": 25.30165,
        "lon": 92.700983
      },
      "geometry": {
        "type": "Point",
        "coordinates": [
          92.700983,
          25.30165
        ]
      }
    },
    {
      "type": "Feature",
      "properties": {
        "id": "PT-446",
        "HAB_ID": "18080011",
        "HAB_NAME": "Diyungmukh",
        "BLOCK_ID": 180801,
        "ROAD_CONN": true,
        "confidence": 0.323,
        "lat": 25.303322,
        "lon": 92.70368
      },
      "geometry": {
        "type": "Point",
        "coordinates": [
          92.70368,
          25.303322
        ]
      }
    },
    {
      "type": "Feature",
      "properties": {
        "id": "PT-447",
        "HAB_ID": "18080011",
        "HAB_NAME": "Diyungmukh",
        "BLOCK_ID": 180801,
        "ROAD_CONN": true,
        "confidence": 0.329,
        "lat": 25.300451,
        "lon": 92.700524
      },
      "geometry": {
        "type": "Point",
        "coordinates": [
          92.700524,
          25.300451
        ]
      }
    },
    {
      "type": "Feature",
      "properties": {
        "id": "PT-448",
        "HAB_ID": "18080011",
        "HAB_NAME": "Diyungmukh",
        "BLOCK_ID": 180801,
        "ROAD_CONN": true,
        "confidence": 0.35,
        "lat": 25.302153,
        "lon": 92.701442
      },
      "geometry": {
        "type": "Point",
        "coordinates": [
          92.701442,
          25.302153
        ]
      }
    },
    {
      "type": "Feature",
      "properties": {
        "id": "PT-449",
        "HAB_ID": "18080011",
        "HAB_NAME": "Diyungmukh",
        "BLOCK_ID": 180801,
        "ROAD_CONN": true,
        "confidence": 0.417,
        "lat": 25.30185,
        "lon": 92.700922
      },
      "geometry": {
        "type": "Point",
        "coordinates": [
          92.700922,
          25.30185
        ]
      }
    },
    {
      "type": "Feature",
      "properties": {
        "id": "PT-450",
        "HAB_ID": "18080011",
        "HAB_NAME": "Diyungmukh",
        "BLOCK_ID": 180801,
        "ROAD_CONN": true,
        "confidence": 0.367,
        "lat": 25.301531,
        "lon": 92.701361
      },
      "geometry": {
        "type": "Point",
        "coordinates": [
          92.701361,
          25.301531
        ]
      }
    },
    {
      "type": "Feature",
      "properties": {
        "id": "PT-451",
        "HAB_ID": "18080011",
        "HAB_NAME": "Diyungmukh",
        "BLOCK_ID": 180801,
        "ROAD_CONN": true,
        "confidence": 0.45,
        "lat": 25.301413,
        "lon": 92.700815
      },
      "geometry": {
        "type": "Point",
        "coordinates": [
          92.700815,
          25.301413
        ]
      }
    },
    {
      "type": "Feature",
      "properties": {
        "id": "PT-452",
        "HAB_ID": "18080011",
        "HAB_NAME": "Diyungmukh",
        "BLOCK_ID": 180801,
        "ROAD_CONN": true,
        "confidence": 0.363,
        "lat": 25.302155,
        "lon": 92.702006
      },
      "geometry": {
        "type": "Point",
        "coordinates": [
          92.702006,
          25.302155
        ]
      }
    },
    {
      "type": "Feature",
      "properties": {
        "id": "PT-453",
        "HAB_ID": "18080011",
        "HAB_NAME": "Diyungmukh",
        "BLOCK_ID": 180801,
        "ROAD_CONN": true,
        "confidence": 0.336,
        "lat": 25.304039,
        "lon": 92.704323
      },
      "geometry": {
        "type": "Point",
        "coordinates": [
          92.704323,
          25.304039
        ]
      }
    },
    {
      "type": "Feature",
      "properties": {
        "id": "PT-454",
        "HAB_ID": "18080012",
        "HAB_NAME": "Silonijan",
        "BLOCK_ID": 180802,
        "ROAD_CONN": true,
        "confidence": 0.249,
        "lat": 25.323202,
        "lon": 92.844212
      },
      "geometry": {
        "type": "Point",
        "coordinates": [
          92.844212,
          25.323202
        ]
      }
    },
    {
      "type": "Feature",
      "properties": {
        "id": "PT-455",
        "HAB_ID": "18080012",
        "HAB_NAME": "Silonijan",
        "BLOCK_ID": 180802,
        "ROAD_CONN": true,
        "confidence": 0.284,
        "lat": 25.317401,
        "lon": 92.84222
      },
      "geometry": {
        "type": "Point",
        "coordinates": [
          92.84222,
          25.317401
        ]
      }
    },
    {
      "type": "Feature",
      "properties": {
        "id": "PT-456",
        "HAB_ID": "18080012",
        "HAB_NAME": "Silonijan",
        "BLOCK_ID": 180802,
        "ROAD_CONN": true,
        "confidence": 0.22,
        "lat": 25.321909,
        "lon": 92.842166
      },
      "geometry": {
        "type": "Point",
        "coordinates": [
          92.842166,
          25.321909
        ]
      }
    },
    {
      "type": "Feature",
      "properties": {
        "id": "PT-457",
        "HAB_ID": "18080012",
        "HAB_NAME": "Silonijan",
        "BLOCK_ID": 180802,
        "ROAD_CONN": true,
        "confidence": 0.294,
        "lat": 25.321643,
        "lon": 92.843106
      },
      "geometry": {
        "type": "Point",
        "coordinates": [
          92.843106,
          25.321643
        ]
      }
    },
    {
      "type": "Feature",
      "properties": {
        "id": "PT-458",
        "HAB_ID": "18080012",
        "HAB_NAME": "Silonijan",
        "BLOCK_ID": 180802,
        "ROAD_CONN": true,
        "confidence": 0.2,
        "lat": 25.320239,
        "lon": 92.842852
      },
      "geometry": {
        "type": "Point",
        "coordinates": [
          92.842852,
          25.320239
        ]
      }
    },
    {
      "type": "Feature",
      "properties": {
        "id": "PT-459",
        "HAB_ID": "18080012",
        "HAB_NAME": "Silonijan",
        "BLOCK_ID": 180802,
        "ROAD_CONN": true,
        "confidence": 0.333,
        "lat": 25.321111,
        "lon": 92.843439
      },
      "geometry": {
        "type": "Point",
        "coordinates": [
          92.843439,
          25.321111
        ]
      }
    },
    {
      "type": "Feature",
      "properties": {
        "id": "PT-460",
        "HAB_ID": "18080012",
        "HAB_NAME": "Silonijan",
        "BLOCK_ID": 180802,
        "ROAD_CONN": true,
        "confidence": 0.311,
        "lat": 25.322887,
        "lon": 92.843629
      },
      "geometry": {
        "type": "Point",
        "coordinates": [
          92.843629,
          25.322887
        ]
      }
    },
    {
      "type": "Feature",
      "properties": {
        "id": "PT-461",
        "HAB_ID": "18080012",
        "HAB_NAME": "Silonijan",
        "BLOCK_ID": 180802,
        "ROAD_CONN": true,
        "confidence": 0.209,
        "lat": 25.319841,
        "lon": 92.842249
      },
      "geometry": {
        "type": "Point",
        "coordinates": [
          92.842249,
          25.319841
        ]
      }
    },
    {
      "type": "Feature",
      "properties": {
        "id": "PT-462",
        "HAB_ID": "18080012",
        "HAB_NAME": "Silonijan",
        "BLOCK_ID": 180802,
        "ROAD_CONN": true,
        "confidence": 0.2,
        "lat": 25.321505,
        "lon": 92.843466
      },
      "geometry": {
        "type": "Point",
        "coordinates": [
          92.843466,
          25.321505
        ]
      }
    },
    {
      "type": "Feature",
      "properties": {
        "id": "PT-463",
        "HAB_ID": "18080012",
        "HAB_NAME": "Silonijan",
        "BLOCK_ID": 180802,
        "ROAD_CONN": true,
        "confidence": 0.252,
        "lat": 25.320633,
        "lon": 92.84254
      },
      "geometry": {
        "type": "Point",
        "coordinates": [
          92.84254,
          25.320633
        ]
      }
    },
    {
      "type": "Feature",
      "properties": {
        "id": "PT-464",
        "HAB_ID": "18080012",
        "HAB_NAME": "Silonijan",
        "BLOCK_ID": 180802,
        "ROAD_CONN": true,
        "confidence": 0.231,
        "lat": 25.320477,
        "lon": 92.841856
      },
      "geometry": {
        "type": "Point",
        "coordinates": [
          92.841856,
          25.320477
        ]
      }
    },
    {
      "type": "Feature",
      "properties": {
        "id": "PT-465",
        "HAB_ID": "18080012",
        "HAB_NAME": "Silonijan",
        "BLOCK_ID": 180802,
        "ROAD_CONN": true,
        "confidence": 0.2,
        "lat": 25.323254,
        "lon": 92.844608
      },
      "geometry": {
        "type": "Point",
        "coordinates": [
          92.844608,
          25.323254
        ]
      }
    },
    {
      "type": "Feature",
      "properties": {
        "id": "PT-466",
        "HAB_ID": "18080012",
        "HAB_NAME": "Silonijan",
        "BLOCK_ID": 180802,
        "ROAD_CONN": true,
        "confidence": 0.21,
        "lat": 25.320444,
        "lon": 92.841936
      },
      "geometry": {
        "type": "Point",
        "coordinates": [
          92.841936,
          25.320444
        ]
      }
    },
    {
      "type": "Feature",
      "properties": {
        "id": "PT-467",
        "HAB_ID": "18080012",
        "HAB_NAME": "Silonijan",
        "BLOCK_ID": 180802,
        "ROAD_CONN": true,
        "confidence": 0.247,
        "lat": 25.321895,
        "lon": 92.84327
      },
      "geometry": {
        "type": "Point",
        "coordinates": [
          92.84327,
          25.321895
        ]
      }
    },
    {
      "type": "Feature",
      "properties": {
        "id": "PT-468",
        "HAB_ID": "18080012",
        "HAB_NAME": "Silonijan",
        "BLOCK_ID": 180802,
        "ROAD_CONN": true,
        "confidence": 0.2,
        "lat": 25.319732,
        "lon": 92.842714
      },
      "geometry": {
        "type": "Point",
        "coordinates": [
          92.842714,
          25.319732
        ]
      }
    },
    {
      "type": "Feature",
      "properties": {
        "id": "PT-469",
        "HAB_ID": "18080012",
        "HAB_NAME": "Silonijan",
        "BLOCK_ID": 180802,
        "ROAD_CONN": true,
        "confidence": 0.228,
        "lat": 25.320812,
        "lon": 92.842552
      },
      "geometry": {
        "type": "Point",
        "coordinates": [
          92.842552,
          25.320812
        ]
      }
    },
    {
      "type": "Feature",
      "properties": {
        "id": "PT-470",
        "HAB_ID": "18080012",
        "HAB_NAME": "Silonijan",
        "BLOCK_ID": 180802,
        "ROAD_CONN": true,
        "confidence": 0.297,
        "lat": 25.319491,
        "lon": 92.841208
      },
      "geometry": {
        "type": "Point",
        "coordinates": [
          92.841208,
          25.319491
        ]
      }
    },
    {
      "type": "Feature",
      "properties": {
        "id": "PT-471",
        "HAB_ID": "18080012",
        "HAB_NAME": "Silonijan",
        "BLOCK_ID": 180802,
        "ROAD_CONN": true,
        "confidence": 0.2,
        "lat": 25.322069,
        "lon": 92.843351
      },
      "geometry": {
        "type": "Point",
        "coordinates": [
          92.843351,
          25.322069
        ]
      }
    },
    {
      "type": "Feature",
      "properties": {
        "id": "PT-472",
        "HAB_ID": "18080012",
        "HAB_NAME": "Silonijan",
        "BLOCK_ID": 180802,
        "ROAD_CONN": true,
        "confidence": 0.308,
        "lat": 25.321318,
        "lon": 92.844147
      },
      "geometry": {
        "type": "Point",
        "coordinates": [
          92.844147,
          25.321318
        ]
      }
    },
    {
      "type": "Feature",
      "properties": {
        "id": "PT-473",
        "HAB_ID": "18080012",
        "HAB_NAME": "Silonijan",
        "BLOCK_ID": 180802,
        "ROAD_CONN": true,
        "confidence": 0.2,
        "lat": 25.31865,
        "lon": 92.841695
      },
      "geometry": {
        "type": "Point",
        "coordinates": [
          92.841695,
          25.31865
        ]
      }
    },
    {
      "type": "Feature",
      "properties": {
        "id": "PT-474",
        "HAB_ID": "18080012",
        "HAB_NAME": "Silonijan",
        "BLOCK_ID": 180802,
        "ROAD_CONN": true,
        "confidence": 0.215,
        "lat": 25.319965,
        "lon": 92.842078
      },
      "geometry": {
        "type": "Point",
        "coordinates": [
          92.842078,
          25.319965
        ]
      }
    },
    {
      "type": "Feature",
      "properties": {
        "id": "PT-475",
        "HAB_ID": "18080012",
        "HAB_NAME": "Silonijan",
        "BLOCK_ID": 180802,
        "ROAD_CONN": true,
        "confidence": 0.258,
        "lat": 25.322468,
        "lon": 92.844026
      },
      "geometry": {
        "type": "Point",
        "coordinates": [
          92.844026,
          25.322468
        ]
      }
    },
    {
      "type": "Feature",
      "properties": {
        "id": "PT-476",
        "HAB_ID": "18080012",
        "HAB_NAME": "Silonijan",
        "BLOCK_ID": 180802,
        "ROAD_CONN": true,
        "confidence": 0.367,
        "lat": 25.320689,
        "lon": 92.842439
      },
      "geometry": {
        "type": "Point",
        "coordinates": [
          92.842439,
          25.320689
        ]
      }
    },
    {
      "type": "Feature",
      "properties": {
        "id": "PT-477",
        "HAB_ID": "18080012",
        "HAB_NAME": "Silonijan",
        "BLOCK_ID": 180802,
        "ROAD_CONN": true,
        "confidence": 0.243,
        "lat": 25.321879,
        "lon": 92.843256
      },
      "geometry": {
        "type": "Point",
        "coordinates": [
          92.843256,
          25.321879
        ]
      }
    },
    {
      "type": "Feature",
      "properties": {
        "id": "PT-478",
        "HAB_ID": "18080012",
        "HAB_NAME": "Silonijan",
        "BLOCK_ID": 180802,
        "ROAD_CONN": true,
        "confidence": 0.27,
        "lat": 25.321606,
        "lon": 92.843619
      },
      "geometry": {
        "type": "Point",
        "coordinates": [
          92.843619,
          25.321606
        ]
      }
    },
    {
      "type": "Feature",
      "properties": {
        "id": "PT-479",
        "HAB_ID": "18080012",
        "HAB_NAME": "Silonijan",
        "BLOCK_ID": 180802,
        "ROAD_CONN": true,
        "confidence": 0.201,
        "lat": 25.319753,
        "lon": 92.842083
      },
      "geometry": {
        "type": "Point",
        "coordinates": [
          92.842083,
          25.319753
        ]
      }
    }
  ]
}